id,Domain,Status,Attractiveness,Demand,Length,Registrar,Created,Expires
82ed544e-aafa-47d3-b76e-369839c9d6da,services.theatre,available,72,24,8,,,
2d77d6c0-af18-4965-9cec-31193e4f3ccf,services.tickets,available,72,24,8,,,
3a7a9655-f568-4964-86e4-b4a97055a3e1,services.tienda,available,72,24,8,,,
c2ca9e56-7ffe-4722-827a-4c7914657493,services.tips,premium,72,24,8,,,
bf8bc984-7029-4f0d-97cb-a18e33b9e006,services.tires,available,72,24,8,,,
91f1552b-9131-468d-8f60-371ff55b2dbb,services.tours,available,72,24,8,,,
c6b3c3d7-79a1-4900-82e7-7b85574e4485,services.town,available,72,24,8,,,
c2c036b0-8592-4309-8095-8bc8894eaf34,services.toys,available,72,24,8,,,
6608e06b-cad1-4213-afba-a08ee0d36eaf,services.trade,premium,72,24,8,,,
aa21af7b-95c4-4b85-aca9-09cad6e73bdf,services.tube,resell,72,24,8,"GoDaddy.com, LLC",10/04/2019 22:14,10/04/2026 22:14
18ce245d-0131-40ee-ad8f-51e33183645b,services.tv,premium,72,24,8,,,
ab8c1e7d-968b-4912-b04d-bec0d473dd90,services.uno,premium,72,24,8,,,
89de4592-bc47-4da5-a08a-8c0736364f88,services.vacations,premium,72,24,8,,,
7d4aa8f1-e4ce-4427-a5fb-37240643e25b,services.vana,available,72,24,8,,,
e65c2629-2635-4d87-8c84-379205a2ecc4,services.vc,resell,72,24,8,Dynadot Inc,17/08/2020 00:07,17/08/2026 00:07
d065bb8c-72a8-4a43-960e-4debe4973161,services.vegas,expiring,72,24,8,"GoDaddy.com, LLC",27/12/2021 21:29,27/12/2025 21:29
45261e83-c614-4f1c-b53c-dd7991c87ef0,services.ventures,available,72,24,8,,,
8ff46a06-9946-4d44-8c29-abfb3da811d5,services.vet,premium,72,24,8,,,
11490c5a-175b-4e3f-a16e-ab5ccda75a47,services.viajes,available,72,24,8,,,
a7885100-c3de-449f-b28b-d81aa1a4ec31,services.video,premium,72,24,8,,,
12612881-9b0c-4fad-951c-ae88ef52d691,services.villas,premium,72,24,8,,,
bc771cca-4e78-4be9-8e13-2d814f85e01e,services.vin,expiring,72,24,8,Dynadot Inc,06/01/2023 21:10,06/01/2026 21:10
d47e7f80-d717-44ff-a426-d4dea6bc002d,services.vip,premium,72,24,8,,,
86744e32-b379-4139-a6e7-943be3e82e84,services.vodka,available,72,24,8,,,
3a76b852-b4f4-4b91-90e7-1abde1b0d2c2,services.vote,available,72,24,8,,,
e08216fb-8bf9-49d9-ad4f-57706217c771,services.voting,available,72,24,8,,,
519044e8-8575-4812-ad04-11e516f4b131,services.voto,available,72,24,8,,,
0c69fca4-646c-4935-9145-314624186752,services.voyage,premium,72,24,8,,,
82a57bb5-fe09-4b7c-bf44-795b0132c8b8,services.watch,premium,72,24,8,,,
3a8a03de-d911-4992-bb97-18876d439e73,services.webcam,premium,72,24,8,,,
b3f9f207-c9f3-4ec5-8fe5-bb63e0f275a4,services.website,premium,72,24,8,,,
ba333434-1c86-4256-8555-d31eb81ff843,services.wedding,premium,72,24,8,,,
2558d488-7617-4172-82e9-cb5dcf9598e1,services.wiki,resell,72,24,8,"DNSPod, Inc.",27/06/2022 00:00,27/06/2026 00:00
db09912a-d3b9-4eb1-9998-84d91ba4223d,services.win,premium,72,24,8,,,
0ae88c32-d9e6-45f0-bd4f-7831c7dbfbaf,services.wine,available,72,24,8,,,
a5e582cf-2b61-484f-a00f-f4855cbd1fb3,services.work,premium,72,24,8,,,
e900bffa-5ecd-4a9e-90a3-ae410580b9e0,services.works,premium,72,24,8,,,
c0dfb676-0fd7-496a-8bdb-7abf882f6c7a,services.wtf,premium,72,24,8,,,
276b49f8-d77d-4d96-ad22-9020616a0fa0,services.xyz,resell,72,24,8,"Spaceship, Inc.",16/11/2021 04:14,16/11/2026 23:59
220870a0-7dc4-495b-92e7-e518ea5ed8c0,services.yachts,premium,72,24,8,,,
574eb8e1-13c6-4089-870c-7686ebd97c0e,services.yoga,available,72,24,8,,,
53e05ad9-e12a-4de7-8d46-f0602468093e,services.you,premium,72,24,8,,,
c4445b4f-e4cc-4759-bfb2-3325b4f493e8,services.zip,premium,72,24,8,,,
c8b82e69-2f69-440e-abff-c44b69e17f02,services.zone,resell,72,24,8,"DNSPod, Inc.",18/08/2020 03:13,18/08/2026 03:13
46b1e28c-0971-42de-b9b5-148a849170de,services.academy,resell,72,24,8,Dynadot Inc,06/07/2025 17:00,06/07/2026 17:00
d819149a-6c1b-41f2-a6f7-e1c6eb8d684a,services.accountant,premium,72,24,8,,,
3ded9c07-6a8f-4b3d-9e3c-6e914f8ab173,services.accountants,premium,72,24,8,,,
60f34592-b652-46d0-9859-b5e76bf0bfa3,services.actor,available,72,24,8,,,
ee606920-aec6-4d99-87d9-cdd6fdae5847,services.adult,premium,72,24,8,,,
74117298-dcdc-40c3-893c-3ec02479b739,services.ag,available,72,24,8,,,
37c77036-717d-4f84-8173-ec8fe7d9b22a,services.airforce,available,72,24,8,,,
a19bf9bf-695e-4376-9130-00c022eb5124,services.apartments,available,72,24,8,,,
b8f41b5c-bb74-4618-9098-d81ec0ae73a3,services.army,available,72,24,8,,,
2f5327ef-395b-41c6-a3a4-2bbe7da9de72,services.asia,resell,72,24,8,"GoDaddy.com, LLC",04/07/2008 07:05,04/07/2026 07:05
7896e28b-f33a-429d-9610-64c56f6242a9,services.associates,premium,72,24,8,,,
34062282-5b12-4094-ba82-018dedb958bc,services.at,premium,72,24,8,,,
fe11b160-51be-48bd-9dcb-4bfe7c312f93,services.attorney,premium,72,24,8,,,
1692432a-ebe7-48d0-8e55-bd324dc38f87,services.auction,premium,72,24,8,,,
5badaf19-5d49-4152-b099-30db1afb73c8,services.audio,premium,72,24,8,,,
a17cfe93-3dfa-4bc2-82b1-f845949cea43,services.auto,available,72,24,8,,,
4420efb6-947c-4f23-88a9-3ec910ec3f06,services.autos,premium,72,24,8,,,
cf4ca5a3-e062-4c8d-bebd-2537c20f3c6f,services.baby,premium,72,24,8,,,
f0505b83-995f-4a4f-bd4b-017c0a1d2e18,services.band,available,72,24,8,,,
877dc392-318e-40a8-9061-7c8ef8fc1b77,services.bar,premium,72,24,8,,,
69b05676-699c-4e68-9239-d28348d089c8,services.bargains,premium,72,24,8,,,
a8edda00-e6fd-4f4c-b644-ad2845ca84f9,services.bayern,available,72,24,8,,,
8fc60820-843c-4c9e-8775-c110351f70ca,services.beauty,premium,72,24,8,,,
6a64be33-85b7-498e-a5e6-7ee36b94981a,services.beer,available,72,24,8,,,
48e4e3cd-dcce-4e3f-8032-514218d9ef63,services.berlin,premium,72,24,8,,,
220c79d4-0141-4786-a3dd-6a8c0cb315e4,services.best,resell,72,24,8,"Sav.com, LLC",21/09/2025 13:30,21/09/2026 23:59
6765d38d-cf7d-4674-9a54-0f9902aa70f1,services.bid,premium,72,24,8,,,
bc00e10f-8cf9-47e3-9a84-c371e5905557,services.bike,available,72,24,8,,,
27b47b0d-6474-476e-9172-e40809a5cb55,services.bingo,available,72,24,8,,,
06d5177f-6d6a-4bbe-a633-2397187da33a,services.bio,resell,72,24,8,"Sav.com, LLC - 42",20/09/2025 15:15,20/09/2026 15:15
44b8733f-a84f-410b-8c06-a5ce2716518d,services.biz,expired,72,24,8,"Registry Services, LLC",30/09/2001 19:16,06/11/2025 23:59
d1c93acf-98c2-48ea-9e5d-601317a1dc6a,services.black,resell,72,24,8,"Xiamen ChinaSource Internet Service Co., Ltd",05/07/2025 15:15,05/07/2026 15:15
1d7d6cba-6ddd-4514-94a7-c1934feded62,services.blackfriday,available,72,24,8,,,
f8d0d261-e90a-4e02-9e11-369028085973,services.blog,premium,72,24,8,,,
dd074743-83ec-476c-8634-619a9699f9de,services.blue,resell,72,24,8,"Spaceship, Inc.",01/06/2024 17:00,01/06/2026 17:00
8214a618-b5b7-49ed-a83b-5b2500674406,services.boats,premium,72,24,8,,,
b5cfdead-848c-442f-ab86-0cca2ceb1522,services.boo,premium,72,24,8,,,
ddd34243-54c7-44d1-9962-5e33fdb64c61,services.boston,expired,72,24,8,"GoDaddy.com, LLC",24/10/2017 16:43,24/10/2025 16:43
bd61a896-2d2a-47b0-a11f-e9416b62d51c,services.bot,premium,72,24,8,,,
9e45132a-43af-4da9-add9-b5120b316234,services.build,premium,72,24,8,,,
6b42bf96-3564-4ef4-a48e-1a25d71d2613,services.builders,premium,72,24,8,,,
a2107a97-eb9b-48e6-b777-6b72c3ca3469,services.business,expiring,72,24,8,"GoDaddy.com, LLC",18/12/2024 23:16,18/12/2025 23:16
aa9284f8-76c9-44fa-8379-8cfaaca4f5c3,services.buzz,premium,72,24,8,,,
13ebdbe2-6fb9-4020-aca5-bd2db6ceda2c,services.cab,available,72,24,8,,,
5199d781-bd30-46b9-9300-cf49e7eaad61,services.cafe,expiring,72,24,8,"Chengdu West Dimension Digital Technology Co., Ltd.",09/12/2023 15:15,09/12/2025 15:15
9a3fb5eb-7681-4d76-9662-e9f04f8c3870,services.cam,resell,72,24,8,"Spaceship, Inc.",08/12/2024 23:27,08/12/2026 23:59
d269a984-a9a8-4dcf-b562-c47302f5f05e,services.camera,available,72,24,8,,,
4a897a8b-4ff8-49cf-8fea-7e3d51b82922,services.camp,available,72,24,8,,,
8fd3e30c-1a99-4bd3-8e31-0d203ee483e8,services.car,available,72,24,8,,,
f62fb451-e628-4dd8-b897-64180451902d,services.cards,premium,72,24,8,,,
5c0c3c2f-f39a-4256-8655-0d85b8fd4979,services.care,premium,72,24,8,,,
53284fa6-86a9-43d2-bfef-f74b557c6ec2,services.careers,premium,72,24,8,,,
4c8ebeec-bec8-4590-9d42-9bfe43727bbc,services.cars,available,72,24,8,,,
5960fdb7-d9e5-480e-beb6-432bbb34baba,services.casino,available,72,24,8,,,
0b6b2afc-5638-4da5-b87d-31a430f626d7,services.catering,premium,72,24,8,,,
a78ce308-6480-4b15-9a49-54a8c1e8cd2b,services.ceo,expiring,72,24,8,OVH,06/01/2024 06:11,06/01/2026 23:59
ef4e2858-2c96-4c60-a9b0-13462ccc1155,services.cfd,premium,72,24,8,,,
fa8921ef-cce0-488e-bcd2-7db8803ba0c8,services.charity,available,72,24,8,,,
2cbb1ee0-dcff-49a4-a5ca-64405b5aaa15,services.chat,resell,72,24,8,Dynadot Inc,19/06/2025 08:12,19/06/2026 08:12
02c25b86-c55f-4adf-b5b2-bfa75c27070f,services.cheap,premium,72,24,8,,,
46917261-55b9-463d-b60a-ce0f98aac75d,services.christmas,premium,72,24,8,,,
242dbc3b-76e8-49ea-9d4b-d32a7950331c,services.claims,available,72,24,8,,,
91cc1b37-758e-40a5-85e9-686deccc3ffd,services.click,expired,72,24,8,NAMECHEAP,27/10/2023 02:38,27/10/2025 02:38
44ab0c67-60c3-4d75-95c9-6f129994d699,services.clothing,available,72,24,8,,,
4a85e913-c8a6-4708-90dc-f736d27e9a21,services.cloud,premium,72,24,8,,,
307dab41-8efa-44f7-ac41-8a1b513042f7,services.club,resell,72,24,8,"Spaceship, Inc.",18/12/2023 00:00,18/12/2026 00:00
022913c9-7fd9-4de1-be91-1ca8236fa9bd,services.co,resell,72,24,8,Hello Internet Corp.,25/02/2010 00:55,24/02/2026 23:59
b5233991-8aca-4501-98dd-e1141db44430,services.coach,resell,72,24,8,"GoDaddy.com, LLC",26/01/2019 12:13,26/01/2026 12:13
702f8f5c-9504-4fc9-871f-ba4096f7da29,services.codes,expiring,72,24,8,OVH SAS,06/01/2024 06:11,06/01/2026 06:11
c202cbc5-2c9e-4c91-b9db-ab07ebbfd1c0,services.college,premium,72,24,8,,,
0f38b784-3c95-42dd-b99f-2d99b915fce8,services.computer,premium,72,24,8,,,
d478bc00-1a3f-4738-92ad-f9f6357c0d50,services.construction,resell,72,24,8,"Sav.com, LLC",31/07/2025 21:56,31/07/2026 21:56
dcf319ea-ffd9-4c1b-8d5b-793c339ae347,services.consulting,premium,72,24,8,,,
2ad8f918-932e-430e-92bc-ea49277be336,services.cooking,available,72,24,8,,,
e66d985f-4550-4b9e-a670-26480153a393,services.country,available,72,24,8,,,
d786c6a1-4d9d-4fe8-9a22-3ddee4718b38,services.courses,premium,72,24,8,,,
803cc480-0cb9-4257-b3e7-740680ddd80d,services.credit,available,72,24,8,,,
53c0ecf8-4b30-4c55-a5d7-3d91351834d2,services.cricket,premium,72,24,8,,,
cda24125-fb69-45f9-bac2-fd730b97db64,services.cruises,available,72,24,8,,,
a762922e-225d-4148-bc49-aa0e9d237cd9,services.cx,resell,72,24,8,West263 International Limited,04/06/2025 00:00,04/06/2026 15:50
83ccd5ef-0c7e-4b28-bae3-30e26aa4fa2d,services.cyou,resell,72,24,8,Dynadot LLC,14/07/2025 13:05,14/07/2026 23:59
e1ea9d6b-8599-4c76-8400-413c0127d7d4,services.dad,premium,72,24,8,,,
f31be3c8-32df-40c3-8457-d60dfe952df7,services.dance,available,72,24,8,,,
b021995a-e9f7-4105-a448-d0e3ac61fe1b,services.date,premium,72,24,8,,,
a288d94d-f3c9-4f46-a1fb-a596b44fbb24,services.dating,premium,72,24,8,,,
ba841d96-f6f4-46df-aaff-c92f289dd5ab,services.day,premium,72,24,8,,,
b47c3188-3ceb-43a0-a294-4ee6f8942104,services.deal,premium,72,24,8,,,
6f610135-2cb3-4b6d-bccb-340ba55cf2ed,services.dealer,premium,72,24,8,,,
8fb9b078-be2f-4b67-92cd-41d94b4fa47d,services.deals,premium,72,24,8,,,
daaf7b18-4873-4e34-b8bd-1e5bba5f9708,services.degree,premium,72,24,8,,,
076f1f45-02bf-46c3-8a8f-84a694fb6e75,services.democrat,available,72,24,8,,,
fb8a4f3b-a92c-40b7-8c2b-3e5c478e2d7a,services.dentist,premium,72,24,8,,,
023ae0a2-dbc9-44c4-9811-b435b2b012f2,services.diamonds,available,72,24,8,,,
b8013e1d-254a-4e22-97a8-5ac556f1a5d8,services.diet,available,72,24,8,,,
afb9f77c-bd03-4d59-a2be-12b225f260df,services.digital,resell,72,24,8,"NameCheap, Inc.",13/09/2025 15:15,13/09/2026 15:15
84728526-805a-4fde-b559-46ee68c2bf3f,services.directory,expiring,72,24,8,"NameSilo, LLC",12/12/2020 10:39,12/12/2025 10:39
084375db-02b0-48ec-95a5-e260efc53e71,services.discount,premium,72,24,8,,,
f80acfb1-04a5-43e2-85b4-602e7b02c5ae,services.diy,premium,72,24,8,,,
625db559-fdf7-4f58-b8fc-df3a5440e441,services.doctor,resell,72,24,8,"Spaceship, Inc.",04/10/2025 16:26,04/10/2026 16:26
9774d6f3-8edd-4818-9054-a132ae6ac078,services.dog,premium,72,24,8,,,
3b7b65cb-d1fe-40ad-884d-51c3aa954a90,services.download,premium,72,24,8,,,
62e34d52-33a6-4e92-b45b-5619f25c4885,services.email,premium,72,24,8,,,
87db70f7-ecd3-45e0-b2f7-03cc7297730b,services.engineer,available,72,24,8,,,
486696ad-c186-471c-9f53-9e877fd94c40,services.engineering,available,72,24,8,,,
44d7b8cc-c2d3-46b9-a477-c993e5b6b7ad,services.enterprises,available,72,24,8,,,
0d50a2b6-ced6-456d-915b-fe254a5b1639,services.equipment,premium,72,24,8,,,
6796b265-941c-47a9-b08c-3c8fc6e0d8d4,services.esq,premium,72,24,8,,,
5e6a644b-07fd-4150-8377-265bc94ce68f,services.expert,resell,72,24,8,"Sav.com, LLC - 31",03/12/2025 15:15,03/12/2026 15:15
b915f569-f464-4e67-9bac-5827fd02050e,services.exposed,premium,72,24,8,,,
a0708324-e6b3-46dc-a52c-3bef759d7cfb,services.express,resell,72,24,8,"Sav.com, LLC - 34",06/08/2025 15:16,06/08/2026 15:16
6a39c9e1-e353-4df1-8d60-e1e5a169fc13,services.faith,premium,72,24,8,,,
f99c0de5-745d-4ea7-baa2-629dcb0cd19e,services.family,premium,72,24,8,,,
90fbae58-15d2-4a45-9f52-d5cd62107466,services.fan,premium,72,24,8,,,
f3a550b0-fc46-478a-8a28-cbbcb73b6f73,services.fans,premium,72,24,8,,,
f620e0fe-7918-468b-8277-c3db0d4db17b,services.fashion,premium,72,24,8,,,
5642176c-db70-4719-93bf-d4618c11644d,services.fast,premium,72,24,8,,,
4fb8f739-3c33-445b-a77e-50da931b8f82,services.film,premium,72,24,8,,,
528006d2-97ce-4e29-aff0-18f47b1af431,services.finance,premium,72,24,8,,,
3ec06b62-2716-466b-baba-e8e1f7476016,services.financial,premium,72,24,8,,,
0a32afe6-6cc9-45af-a0f6-af530fe648b6,services.fish,premium,72,24,8,,,
464f800e-e59e-42b0-88bc-81440d4ce654,services.fishing,available,72,24,8,,,
766f256d-2486-4bee-b192-42f3bf6821b4,services.fit,premium,72,24,8,,,
3448667e-0bb7-41d9-97e9-a8d93f1f02e8,services.fitness,premium,72,24,8,,,
0aef71fd-fc18-481b-9c7d-c348b33966df,services.flights,premium,72,24,8,,,
78d9bdeb-fe2b-4531-8961-3aeba0763622,services.florist,available,72,24,8,,,
2c78c724-db1e-4d6f-b96d-72d5c8a43438,services.flowers,premium,72,24,8,,,
348e403d-051c-4538-ada0-9a601c96d491,services.foo,premium,72,24,8,,,
cd66ba08-f273-4be8-b972-4f0d8eda234b,services.food,premium,72,24,8,,,
6cf03c56-b355-4b01-8f0f-f47a5a39c9c0,services.football,available,72,24,8,,,
509cbad3-a349-43fb-9973-b0b7f15703bb,services.forum,premium,72,24,8,,,
c0f204e7-12d1-4b45-adfb-83bc2a098bb7,services.foundation,premium,72,24,8,,,
80f4e3d9-e578-4327-9f85-25b3d7f87f2e,services.free,premium,72,24,8,,,
70211880-3d84-4edb-82b7-4b53904210d5,services.fun,premium,72,24,8,,,
897669fa-8916-4bad-97ce-2a0db857bd98,services.fund,premium,72,24,8,,,
6427384d-2c7c-4061-a1f2-caabd466614b,services.furniture,available,72,24,8,,,
60d7b5ff-1318-4c73-8aca-7d7b322b73f2,services.futbol,available,72,24,8,,,
a825848a-9f53-493c-96e2-fd22c1a0b4b6,services.fyi,expiring,72,24,8,Porkbun LLC,21/12/2024 18:47,21/12/2025 18:47
1d2f68c3-b0ad-4569-9fb0-5ca21cc99b9d,services.game,premium,72,24,8,,,
e793c50f-e950-420e-8ef1-e9597999770f,services.games,resell,72,24,8,"DNSPod, Inc.",07/10/2023 15:15,07/10/2026 15:15
656168ea-687c-4354-9b72-5b2b7b08a2fe,services.garden,premium,72,24,8,,,
4126d0eb-9ae5-46c5-9576-d1e080b6749c,services.gay,available,72,24,8,,,
6d794ed3-0a19-4037-ab21-bb3dbfc39082,services.gift,available,72,24,8,,,
52275e86-57d5-48a9-ba5a-08f031d0ba3f,services.gifts,premium,72,24,8,,,
291efc8b-97c0-4622-b1a8-37a7ff535b06,services.gives,available,72,24,8,,,
88141780-3b7d-48ee-9cbf-043f538712f3,services.giving,available,72,24,8,,,
6a12ec40-99ed-443d-8d07-2faf46fc64d4,services.glass,available,72,24,8,,,
55571bd7-8035-49af-8ec3-07b52d4adf03,services.global,premium,72,24,8,,,
5a71ccd9-b2bf-4b5c-a71f-de0ab9c82e25,services.gold,premium,72,24,8,,,
1d8419d2-cafd-4919-8999-1cd2c775d2dc,services.graphics,premium,72,24,8,,,
02dc0cbb-7e94-41bc-872f-59a6e2617c13,services.gratis,premium,72,24,8,,,
c569e2e3-0581-47a8-b3e7-bcebe450ae15,services.gripe,premium,72,24,8,,,
fefa99b6-790f-4711-a499-e4e2dca8c5cd,services.guitars,available,72,24,8,,,
10d815f2-7ea8-4536-9d15-108cdc09aeee,services.guru,premium,72,24,8,,,
74181abd-d3f1-469b-8e17-3e78f927c5dd,services.hair,premium,72,24,8,,,
97814e16-5357-4ab9-8e7f-4b400cb831a1,services.haus,expired,72,24,8,"NameSilo, LLC",14/11/2024 19:57,14/11/2025 19:57
6c2e4058-2786-420f-8b5d-be766996642c,services.health,premium,72,24,8,,,
2db969b6-06f2-442d-b2c3-26e2b67a943f,services.hiphop,premium,72,24,8,,,
6d205cff-27bf-4d26-8bc8-a15ef646d3d5,services.hiv,premium,72,24,8,,,
f8ac5cf1-272d-486e-ae23-6c3f644b4c8b,services.hockey,available,72,24,8,,,
85a233f2-e141-4205-a6fa-56838d63f6a6,services.holdings,premium,72,24,8,,,
147d05a8-9d18-4567-b4f9-6f051fcfed5a,services.holiday,premium,72,24,8,,,
180c7bc0-0ce1-458a-bf43-ee8a95ac1fa1,services.homes,premium,72,24,8,,,
623fa720-54b9-4009-9acf-cb940c4d9e6b,services.horse,premium,72,24,8,,,
5dfac10a-b617-4cda-adc5-24b7893fba88,services.hospital,available,72,24,8,,,
a0d461cb-f74c-4290-a640-f6a7f9bad478,services.host,premium,72,24,8,,,
8d57a187-113e-4772-8734-fbfa2ffa1af0,services.hosting,available,72,24,8,,,
073483ff-a822-4616-b362-b2fa9fbba21d,services.hot,premium,72,24,8,,,
13f49478-b7bf-4066-9587-b69151ff3a29,services.house,resell,72,24,8,Virtualia LLC,17/05/2024 15:15,17/05/2026 15:15
6d3355e4-c520-41c1-8a06-b01133a27d5c,services.icu,premium,72,24,8,,,
e051394c-a27a-4a70-a0cb-9a1acde9fd1b,services.id,resell,72,24,8,PT Registrasi Nama Domain,16/05/2018 04:57,16/05/2026 23:59
38b09af8-259f-4925-8cbf-ca61874d548d,services.im,premium,72,24,8,,,
fd1238da-806b-4f00-bbde-76d82f0080f1,services.immobilien,available,72,24,8,,,
74b879ff-d989-4dd6-9e9b-c44c10a82031,services.industries,premium,72,24,8,,,
b1d1dd1b-d6d7-4f09-a7b8-25e4a71d1073,services.info,resell,72,24,8,Dot Holding Inc.,17/10/2022 13:15,17/10/2026 13:15
4260fddb-d534-41e6-9243-8bb4cb730165,services.ing,premium,72,24,8,,,
1c93a90c-cc19-430c-a65d-2e6ad4a29be9,services.ink,resell,72,24,8,"DNSPod, Inc.",07/01/2024 00:00,07/01/2027 00:00
9a485503-2175-4358-9b78-e628b4f2837e,services.institute,premium,72,24,8,,,
0d28480d-e348-47df-bcaf-3327d94e375e,services.international,resell,72,24,8,"Spaceship, Inc.",11/05/2023 15:15,11/05/2026 15:15
3689db0d-539f-4cac-b215-f8bfa9096830,services.investments,premium,72,24,8,,,
00503ed5-97fb-4898-85a4-6aeeb541d1c0,services.irish,available,72,24,8,,,
11331918-d1ff-4482-aa23-e144ad36cec7,services.it,expiring,72,24,8,,04/01/2002 00:00,12/12/2025 00:00
c5b31b7b-d1d0-4085-ab03-0f1022ed6154,services.jetzt,available,72,24,8,,,
6f8b1ba9-a486-4715-a582-39acf5f7a291,services.jewelry,available,72,24,8,,,
ede19cc5-9786-495b-bc4c-285e6bd2f5b4,services.juegos,available,72,24,8,,,
5a87d6b9-2592-4cf2-b218-bc5ee21d26a1,services.kaufen,available,72,24,8,,,
676ac680-f08f-434b-a1da-bf6258255754,services.kids,available,72,24,8,,,
f45f3df4-e862-4f96-8982-4d4881bf6d39,services.kim,premium,72,24,8,,,
b88434d8-0ab0-43a9-826b-069a93f7a077,services.kitchen,resell,72,24,8,"GoDaddy.com, LLC",24/02/2014 02:00,24/02/2026 02:00
107b7dc3-82e7-4a2c-b2eb-db69ee758289,services.la,resell,72,24,8,LA Domain Names,05/06/2023 08:45,05/06/2026 23:59
920dfcf2-02c9-4840-8c9a-8439b946d724,services.land,expiring,72,24,8,"NameSilo, LLC",03/01/2023 00:03,03/01/2026 00:03
a275ff99-d161-46e8-b8ed-8664f37ebff6,services.lawyer,premium,72,24,8,,,
cb3becda-87f4-456b-86cc-f3da48a74d34,services.lease,premium,72,24,8,,,
c17b2342-7b5c-4f76-aaec-e32f06b20bf4,services.legal,premium,72,24,8,,,
a0e14090-2cae-43e9-adaf-48fc24049457,services.lgbt,premium,72,24,8,,,
553fdc4d-8423-49ac-aa18-bb6ff0024910,services.life,resell,72,24,8,"DNSPod, Inc.",10/07/2024 15:15,10/07/2026 15:15
6e79a7c6-e2fe-4a49-9977-c338bdff2fa0,services.lifestyle,premium,72,24,8,,,
c0db8bae-6053-4932-b519-c1fb5e263fbc,services.limited,premium,72,24,8,,,
1df33447-5ac6-4c34-8ca2-da83577f3da2,services.link,premium,72,24,8,,,
f0352005-1d0c-4024-82e0-8a89d7ab40de,services.living,premium,72,24,8,,,
0798c981-2bad-4118-802e-d94af72a10f5,services.loan,premium,72,24,8,,,
113baf98-da9b-4ab0-b214-87222f8cbbbf,services.loans,available,72,24,8,,,
00c0cdbb-1087-4b6c-a1f1-dee512d3254b,services.locker,premium,72,24,8,,,
ac2cdb38-5d6b-43eb-a4dd-6fe3a5b9be69,services.love,premium,72,24,8,,,
7bf5b73f-865d-4f99-a91a-0cbac0996ed0,services.ltda,premium,72,24,8,,,
3c671cb1-cbab-44f3-a786-a1e38f51f3cc,services.luxury,premium,72,24,8,,,
0a0f55a7-079a-4041-8ca4-c2e2e3bb8468,services.makeup,premium,72,24,8,,,
64b64e7d-23e7-4e16-843c-73fde085fd0b,services.marketing,resell,72,24,8,Dynadot Inc,16/07/2025 17:00,16/07/2026 17:00
832c8112-2d67-463c-8aeb-329c70f83edb,services.mba,available,72,24,8,,,
8f272952-a3ed-4bed-9c94-95e5fa826841,services.me,resell,72,24,8,"GoDaddy.com, LLC",29/04/2008 18:02,29/04/2026 18:02
4b975c84-7418-4894-abb2-55e685a36833,services.melbourne,premium,72,24,8,,,
91ebcbb7-14b5-45b6-a6cd-7853258df354,services.meme,premium,72,24,8,,,
2df721bc-cca6-4715-b344-e0c7c3bbe713,services.memorial,available,72,24,8,,,
b000c665-cdd2-4b60-968b-42f7698dbc63,services.men,resell,72,24,8,"Spaceship, Inc.",01/03/2016 13:39,01/03/2026 13:39
702134f0-f25e-4bb0-9cfd-a278d747770b,services.menu,premium,72,24,8,,,
c0d91979-e30f-4503-b71e-ee5a986f6d87,services.miami,expiring,72,24,8,"GoDaddy.com, LLC",27/12/2021 21:29,27/12/2025 21:29
c4cdf736-cadb-4695-af19-99e23f7717e4,services.mobi,premium,72,24,8,,,
dffd3aaf-9194-42f4-ab0e-5760c35cdf21,services.moda,available,72,24,8,,,
315aaa55-e445-486c-a4ae-c207476ce3da,services.moe,premium,72,24,8,,,
a94e7122-5494-46b0-bfb6-8249e8fbac68,services.mom,premium,72,24,8,,,
b8902549-9cbe-4f1d-a621-8c42bac20b92,services.money,resell,72,24,8,"Spaceship, Inc.",07/07/2023 13:12,07/07/2026 13:12
7c42aa9c-5136-4581-84f0-0f5d491c2068,services.monster,premium,72,24,8,,,
ff9f924e-5b93-499e-8916-e5459e91b5e7,services.mortgage,premium,72,24,8,,,
3ee35e1f-b6cb-460d-aa36-dcadacb20778,services.motorcycles,premium,72,24,8,,,
e1177925-9515-46a9-ad5f-f811618fff23,services.mov,premium,72,24,8,,,
564e4a4c-33c5-468a-a0ec-30acb5c1f1ba,services.movie,available,72,24,8,,,
1f5286f7-19b8-44c7-9044-065dbec8051c,services.music,premium,72,24,8,,,
9c4cc991-f6b2-461e-8e60-01de1500f808,services.mx,available,72,24,8,,,
e47f767d-86d1-4102-8bde-9df0f2fa4a9d,services.network,premium,72,24,8,,,
85ff33f1-2880-4cd6-812f-d7dc27a68e4e,services.news,premium,72,24,8,,,
066eb3e6-58fe-4def-80c9-651875331a8f,services.ngo,premium,72,24,8,,,
8dfd08f6-01a4-49b0-a538-9c37e36a6b52,services.now,premium,72,24,8,,,
0fd76ce1-32db-4015-8d52-37e9547164cc,services.nyc,premium,72,24,8,,,
dcc04c94-be27-4fa5-8ec9-11b3f5ebfdf2,services.observer,premium,72,24,8,,,
c592b4c2-c56b-45e1-aea9-9d458c9fd96b,services.one,premium,72,24,8,,,
b9ed2654-c831-4c17-b431-f5b236201377,services.ong,premium,72,24,8,,,
2337ea68-b69d-4e1b-b102-43ee32f468ad,services.onl,premium,72,24,8,,,
3fe05864-07d9-4f83-b2b0-b45f83646628,services.online,premium,72,24,8,,,
57e1ac15-8ea5-47a9-ad68-3d502066d134,services.organic,available,72,24,8,,,
56ea035c-f93f-43f4-a89d-0658ca84b2c6,services.osaka,premium,72,24,8,,,
b27d4922-97f1-40fb-9f27-d343bfb9782f,services.page,premium,72,24,8,,,
e1047b86-0159-4a4c-a947-7ca86bb2f0af,services.partners,premium,72,24,8,,,
3d17df7b-ec89-4d3e-b3ef-663d7a4bd38c,services.parts,premium,72,24,8,,,
fd0ad9e6-7ad5-4ef6-b110-0066b42be416,services.party,premium,72,24,8,,,
c6e90f45-66a0-456a-89ad-0116222905a6,services.pet,premium,72,24,8,,,
c0b5699b-6e3f-46a5-b3a7-3696048ec625,services.phd,premium,72,24,8,,,
5748155e-9edb-49be-b181-deba28ced7bb,services.photo,premium,72,24,8,,,
42dcc9a3-fa5f-43ed-a4a6-9227adfb9813,services.photos,available,72,24,8,,,
a270f3c7-2b70-484c-b0bf-ed4e665be4a1,services.pictures,available,72,24,8,,,
00670fbb-9f2b-49d0-8976-ea4aa9658d65,services.pizza,premium,72,24,8,,,
c19d2ed8-eb1a-4a1d-a4fe-9bf38b459eef,services.place,premium,72,24,8,,,
7df433a0-23ce-477c-8f7c-d8f3cec81913,services.plumbing,premium,72,24,8,,,
927ded9d-cd53-4594-86e3-8265130359f2,services.poker,available,72,24,8,,,
9f4bfdeb-be04-4cb1-a904-40e0d021b2a7,services.porn,premium,72,24,8,,,
25ec1de9-c983-43f0-abb5-3e3daebc57b9,services.press,premium,72,24,8,,,
38fb37d8-91f2-4615-8f0f-2d0adaf4c63a,services.productions,premium,72,24,8,,,
48ddce31-1f47-40cb-a8ee-8206b42fd651,services.prof,premium,72,24,8,,,
bcdf22c4-454b-45e6-83a4-de65ec497623,services.promo,premium,72,24,8,,,
41fb0b34-1127-4e81-9dd2-5208ce5b47a8,services.properties,available,72,24,8,,,
3caaf038-3505-4b91-8a1b-e0829ac496b0,services.property,premium,72,24,8,,,
708616ec-2593-42a1-a59e-84f536f42316,services.protection,available,72,24,8,,,
a2d1a04b-429f-4e7b-ae24-896385aec29d,services.pub,resell,72,24,8,"DNSPod, Inc.",20/01/2020 16:30,20/01/2026 16:30
7559422d-9d31-478c-8d53-79fc50f6e956,services.pw,resell,72,24,8,"CHENGDU WEST DIMENSION DIGITAL TECHNOLOGY CO., LTD.",26/09/2021 08:18,26/09/2026 23:59
5eca5da3-c5f6-4cfd-8005-fda22468779c,services.qpon,available,72,24,8,,,
c92d5bbd-706c-4a62-a931-4a4358895a80,services.quest,premium,72,24,8,,,
42c90aa4-d323-4f1f-94a4-884926036dcc,services.racing,premium,72,24,8,,,
a4422535-0dc3-4c99-ab67-d299e74692b2,services.realty,premium,72,24,8,,,
e0ac2879-4e1a-43f8-87d9-4494fe06f33d,services.recipes,available,72,24,8,,,
06e61fd0-7b08-49f0-8cd0-6b4cefb50cfa,services.rehab,premium,72,24,8,,,
4719e970-899b-41e4-8458-1203663440da,services.reise,premium,72,24,8,,,
ce0d4a5e-8ee8-460a-8f96-4f75bba0655e,services.reisen,premium,72,24,8,,,
51a962ae-d866-45bb-9331-87f3f41ee016,services.rent,resell,72,24,8,Namecheap,24/03/2025 18:40,24/03/2026 23:59
fc993a05-7dbe-48e6-a0ec-fb4bbd091052,services.rentals,premium,72,24,8,,,
f3ab9a43-3d16-4188-90c2-fc85a3aa611c,services.report,premium,72,24,8,,,
c322758f-424a-4880-9efd-a21ab0e94120,services.republican,available,72,24,8,,,
01082959-7a74-4956-a2f0-68508da0640c,services.rest,premium,72,24,8,,,
fe12f30f-1e5e-47ce-a74d-184504ff6cf6,services.restaurant,available,72,24,8,,,
a4f45f20-c287-457b-b4f7-adb66b5f434e,services.review,premium,72,24,8,,,
f3e7fc0d-1c4e-4c5a-a2da-a97bc5caba31,services.reviews,premium,72,24,8,,,
e5ec8de9-f95e-4476-a7ba-b4a9f1f0fd3a,services.rich,available,72,24,8,,,
16e34d7b-2be7-49bc-8963-193a8ea60257,services.rip,available,72,24,8,,,
b4410301-089f-4f3c-b296-a718479518b6,services.rodeo,premium,72,24,8,,,
80fa8e6a-f558-421d-bae0-aaa75d30fa30,services.rsvp,premium,72,24,8,,,
f9da8f11-32af-4ee0-a67d-c56aa7613a91,services.run,resell,72,24,8,"DNSPod, Inc.",06/11/2019 09:12,06/11/2026 09:12
15ecaa1b-8000-43ec-bcad-e5ca80da1dc2,services.sale,premium,72,24,8,,,
895f4d85-b316-4256-8a57-96064300f7c0,services.salon,available,72,24,8,,,
1f6c2a99-260f-41ff-80a8-958fb429b2d2,services.sarl,available,72,24,8,,,
eadfcbb1-4e1a-42de-aa5a-addf771e0374,services.sbs,premium,72,24,8,,,
b983b2dc-099a-48fd-ab5f-a2b168a574cc,services.school,expiring,72,24,8,"GoDaddy.com, LLC",04/01/2021 18:31,04/01/2026 18:31
b773f469-10b1-4ff7-a47d-ff944378f42f,services.science,premium,72,24,8,,,
87ed6a2c-6b63-4bec-8201-c8b951574004,services.security,available,72,24,8,,,
c7cc118d-b4bc-4dc5-8f89-4a29db5754ca,services.sexy,available,72,24,8,,,
b111f7e1-1dd5-40b7-94b6-5c0c987288bd,services.shiksha,available,72,24,8,,,
5cdc9e0c-65b1-4dee-9f65-c466aee28830,services.shoes,premium,72,24,8,,,
dbbaee39-7422-4ccc-ab52-8c2614a0e328,services.shopping,premium,72,24,8,,,
c57a9b9b-c77e-4f63-972f-2f79df75c6aa,services.show,resell,72,24,8,"DNSPod, Inc.",10/06/2020 22:08,10/06/2026 22:08
1c48e4c2-d88d-40c4-b348-7fafab7c87d9,services.singles,available,72,24,8,,,
8b854c9a-c05e-4fc6-b080-761d5753cf41,services.site,premium,72,24,8,,,
4d63f3af-9edc-4dd0-89d1-6f4c7674e928,services.ski,premium,72,24,8,,,
15af7f26-1a6f-40f9-9903-de9a040e37b1,services.skin,premium,72,24,8,,,
3655d10e-5fcc-4a13-b5c3-60a65e8cca1a,services.soccer,available,72,24,8,,,
2b167ffc-3656-4145-ad6e-e9443a12bba4,services.software,premium,72,24,8,,,
a68de3b9-cf51-4e3e-96a8-e1a32f89cdc7,services.solar,resell,72,24,8,"Sav.com, LLC - 15",13/08/2025 15:15,13/08/2026 15:15
7e7ad1e7-4b7e-4507-a7c8-be4af5ad51a6,services.solutions,resell,72,24,8,"Spaceship, Inc.",10/05/2021 08:13,10/05/2026 08:13
c2ee0eec-91de-4883-80a3-60efd8ee5c68,services.soy,premium,72,24,8,,,
cc2b561f-1640-4620-b0ae-c235e5079085,services.space,premium,72,24,8,,,
a0a5ab1b-100c-4b4e-a327-33525c519862,services.spot,premium,72,24,8,,,
67621e8e-0fd4-4f38-9287-9bba31c14ae1,services.srl,available,72,24,8,,,
41e04ec8-5570-4c23-b7d0-d44c047351c0,services.storage,available,72,24,8,,,
224a0751-cdda-4221-a952-af441532c412,services.store,premium,72,24,8,,,
d908f22d-4233-4e6c-88fc-80ad118644fa,services.stream,premium,72,24,8,,,
c8472c42-9fed-4516-a32c-a370ddc9050b,services.study,premium,72,24,8,,,
c2ee3fa2-c611-4025-aaf9-8c2f499e9e38,services.style,premium,72,24,8,,,
fdd41f95-8409-472b-89f1-4071cddb9dbd,services.sucks,available,72,24,8,,,
eb2a0cb3-9f52-482a-a56e-d22fcbe0d052,services.supplies,premium,72,24,8,,,
a2fe8108-c1fa-4d4c-9d83-d9aae09de8e5,services.surf,premium,72,24,8,,,
e7a66cc9-3976-42fb-a1f8-42077355bc82,services.surgery,premium,72,24,8,,,
338ef27c-f638-4a58-b02b-85343863c6e6,services.sydney,premium,72,24,8,,,
11ea52fd-1caa-4007-9095-6d7140883e71,services.talk,premium,72,24,8,,,
5f150819-7072-4ba5-9893-f6f605bd3b9a,services.tattoo,available,72,24,8,,,
eee6b5a8-fa2f-412c-821f-103a459e617b,services.tax,resell,72,24,8,"DNSPod, Inc.",18/10/2021 13:15,18/10/2026 13:15
82565682-d00e-4c5d-9d30-73f6a1b056af,services.taxi,available,72,24,8,,,
e75868ea-a536-435c-a269-be3e87321d88,services.tech,premium,72,24,8,,,
171efff4-d0f4-4b79-b3a0-351a11c79e61,services.tel,resell,72,24,8,"Name.com, Inc.",25/05/2014 18:30,24/05/2026 23:59
6f962451-cce8-4072-893f-8d2fd02599f1,services.tennis,available,72,24,8,,,
d78b837f-b665-4a02-be3a-0c25b33399df,services.theater,available,72,24,8,,,
54c32abd-e94b-4349-95bc-6e64a901a6a3,general.store,premium,58,80,13,,,
79520a43-e7fe-458f-9a27-e6ba92292bda,generalstore.cloud,available,58,80,13,,,
27fc85c5-2fd3-4d32-8ea6-bd6d823feae1,generalstore.com,resell,58,80,13,"Sea Wasp, LLC",21/06/2002 16:49,21/06/2026 16:49
33f2a2f4-c1d1-4bdf-9dc1-dcaa1b08d21a,generalstore.dev,available,58,80,13,,,
b42b4ed4-3855-4cfa-ab31-75fa9ecd2f6d,generalstore.expert,available,58,80,13,,,
5d589d36-f5f6-464d-a65b-365f26663ed9,generalstore.gg,available,58,80,13,,,
990f4773-e245-442f-a6e6-ace6262397d2,generalstore.it,resell,58,80,13,,22/03/2016 16:00,06/12/2025 00:00
07d7b3a4-5090-417f-bb63-e0c31124d854,generalstore.me,resell,58,80,13,Porkbun LLC,08/11/2023 20:49,08/11/2026 20:49
f5c10388-c590-40f8-ade5-f73368183645,generalstore.net,expiring,58,80,13,Annulet LLC,02/08/2003 18:04,02/08/2025 18:04
85d40149-d457-48ff-b45f-21813b20164b,generalstore.ninja,available,58,80,13,,,
1d79d1c7-f955-47f3-862c-2decdea30de7,generalstore.org,resell,58,80,13,"NameCheap, Inc.",05/04/2021 14:30,05/04/2026 14:30
6ad39f9b-e0ac-4aac-b8ef-903cf4ce9137,generalstore.so,available,58,80,13,,,
9b79f3b4-1762-404c-916d-f1e5ff54f14c,generalstore.space,premium,58,80,13,,,
1a227abc-852f-4c86-82bc-9fb3cd61b078,generalstore.us,expiring,58,80,13,Dynadot Inc,13/07/2020 00:02,13/07/2025 00:02
3a13ebab-1508-4624-bb32-52367dff5a4e,generalstore.zone,available,58,80,13,,,
75733d10-de10-49d9-8e53-4f52897b0803,sundries.ai,available,68,92,8,,,
d2a5fb5f-2c98-49d6-956e-3306f5e0806f,sundries.app,expiring,68,92,8,1API GmbH,19/07/2021 03:56,19/07/2025 03:56
dd897311-ccdd-42bf-a5b5-d9006bfbe1b2,sundries.cloud,available,68,92,8,,,
e0257bb4-cfcf-4f1f-a4f5-5da70081a78e,sundries.dev,available,68,92,8,,,
37b3efe5-9bbd-4cad-97e8-fc265fb176b2,sundries.expert,available,68,92,8,,,
268082f0-07c0-4e5b-a261-4c76bb688ab4,sundries.gg,available,68,92,8,,,
adb796f4-0b36-4b17-87c0-3ea5ea035db3,sundries.net,premium,68,92,8,Annulet LLC,12/09/2003 18:33,12/09/2025 18:33
f5d4fad9-816a-4f57-a2f5-baa2cfb28f00,sundries.ninja,available,68,92,8,,,
e6418c66-49b6-41fc-aadf-1cd915466e7c,sundries.online,expired,68,92,8,"Go Daddy, LLC",22/05/2023 08:45,22/05/2025 23:59
4263d6cc-8a73-48be-8d2b-2401ed6ec993,sundries.org,resell,68,92,8,"GoDaddy.com, LLC",01/02/2016 14:30,01/02/2026 14:30
f65ada9c-8cc3-44cd-8018-880f64489eff,sundries.pro,available,68,92,8,,,
c57937c7-a759-4674-b787-f7c89b27ebbd,sundries.site,available,68,92,8,,,
9c507dd6-0430-4f53-84b7-901b9a58ccea,sundries.so,available,68,92,8,,,
d2a52934-13e5-415f-91bc-c3691f8b32f0,sundries.space,available,68,92,8,,,
46d28ed2-99d1-4fb5-9e74-32cdff9e1a31,sundries.tech,expiring,68,92,8,"Registrar of Domain Names REG.RU, LLC",12/07/2024 09:56,12/07/2025 23:59
dc586cb0-b413-4480-bc47-89b1f39f79da,sundries.xyz,resell,68,92,8,"Automattic Inc. ",30/12/2021 01:13,30/12/2030 23:59
2e353a85-f10c-41da-914d-f7799fc8e0d4,sundries.zone,available,68,92,8,,,
f015b307-c5ed-42f0-8a47-f3fd40cee868,snacks.app,expiring,,48,6,Tucows Domains Inc,24/07/2019 05:27,24/07/2025 05:27
aaca82e1-327b-4943-9166-3686d6e78c96,snacks.cloud,premium,,48,6,,,
1691608f-e9c2-433b-a9f1-7b11c71792a1,snacks.co,expiring,,48,6,Hello Internet Corp.,20/07/2010 18:01,19/07/2025 23:59
614b79fd-af6b-403a-9f19-4774d407a795,snacks.expert,available,,48,6,,,
19cbc67a-0cd7-422f-b316-81252ccad7ec,snacks.it,expiring,,48,6,,06/08/2013 16:00,31/07/2025 00:00
fa0e3dc1-bb63-461f-a645-8cb3cf1122e3,snacks.me,resell,,48,6,"Name105, Inc.",04/10/2013 02:35,04/10/2025 02:35
6c9eb22b-8036-4804-9617-4896da30b0de,snacks.ninja,available,,48,6,,,
8a2b911e-736a-4ebd-849b-5597870fb857,snacks.online,premium,,48,6,,,
1fd8654e-ed8c-4161-be1d-72e217eebd21,snacks.pro,resell,,48,6,Epik LLC,27/11/2022 17:00,27/11/2025 17:00
ef205f4a-9fe8-45a2-af9a-967b0fb6d493,snacks.site,premium,,48,6,,,
cfc7df0f-72d8-4eac-85b7-27485af97f05,snacks.so,available,,48,6,,,
0ca164d6-8158-4fa5-bad3-ba0896e0fd32,snacks.space,premium,,48,6,,,
48820257-13de-41f8-af49-9ea0d7b0a1a8,snacks.tech,premium,,48,6,,,
78cdf755-d12b-4f59-977b-30497376d21e,provisions.ac,available,70,8,10,,,
dee75b29-fc09-40db-b1b7-3608f48c28a9,provisions.academy,available,70,8,10,,,
300b0ec8-af22-484e-bb7f-b928030922d5,provisions.accountant,premium,70,8,10,,,
4913f80c-f2f2-4ea7-9ef9-fdb7e713571a,provisions.accountants,available,70,8,10,,,
eeab59ef-01f9-4e6e-a11e-83c776d9e560,provisions.actor,available,70,8,10,,,
c1d3a562-afb0-4070-8d53-e7e84b6a5fdb,provisions.adult,available,70,8,10,,,
00791bf9-a1fe-4d53-aef6-e699684c5d8a,provisions.ag,available,70,8,10,,,
95c0187b-1468-45e1-8fad-78807afde22e,provisions.agency,available,70,8,10,,,
ddeec1f7-c294-454a-ba7f-e56173ecc298,provisions.airforce,available,70,8,10,,,
de536469-0cd4-4804-a93f-7dab0c6470f4,provisions.apartments,available,70,8,10,,,
262d1577-0a5f-43be-a5fd-e5fd87c45742,provisions.archi,available,70,8,10,,,
72a2c2fa-d52b-49b0-b78a-3de5a1244098,provisions.army,available,70,8,10,,,
f35df7b9-3042-44ef-974d-211957e54384,provisions.art,premium,70,8,10,,,
94d06829-f5a6-4403-abee-6218292218c2,provisions.asia,available,70,8,10,,,
4ab00933-238a-4482-8349-868d27624fce,provisions.associates,available,70,8,10,,,
abfaf62a-f1c6-49af-a10b-184826e2ee5d,provisions.at,available,70,8,10,,,
fcf62b5c-5445-4350-820e-fe7d246dc436,provisions.attorney,available,70,8,10,,,
737a4012-a612-49a7-8c3a-d2744cc05ac6,provisions.auction,available,70,8,10,,,
1f8240ce-0891-4a34-beb4-9e550c6baadd,provisions.audio,available,70,8,10,,,
d834d0a1-188a-4819-aa7a-963546e9d8fe,provisions.auto,available,70,8,10,,,
89903e2c-1cc8-4962-98fc-7be69e0845fc,provisions.autos,available,70,8,10,,,
6d17d002-643a-4a69-9818-4ce4bd1dd2e4,provisions.baby,available,70,8,10,,,
2a21e23f-dc01-4e44-a42e-caa954084649,provisions.band,available,70,8,10,,,
56e0daf9-e6f8-4955-9263-71978a0a5d13,provisions.bargains,available,70,8,10,,,
aaa134f1-c049-4304-b969-08bd1a4be83b,provisions.bayern,available,70,8,10,,,
a5fc9696-6219-4a3c-9687-f6ae5a71d288,provisions.beer,available,70,8,10,,,
c1904d0c-f55d-40a3-bd94-0c585ec66171,provisions.berlin,available,70,8,10,,,
bc65dea5-58ee-42c2-9eec-be5648131c18,provisions.best,available,70,8,10,,,
7a942183-d798-415c-9224-66a2fe6c6cf2,provisions.bet,available,70,8,10,,,
7aece320-52c7-49ef-9391-d0b0b42c08d5,provisions.bid,premium,70,8,10,,,
1f5f4856-fbc8-46c8-a109-6621e29dbe24,provisions.bike,available,70,8,10,,,
2ac3a1db-71d0-4020-8876-3f92581a6c14,provisions.bingo,available,70,8,10,,,
1134c7f0-ab87-43ff-879c-9ccd14d307d8,provisions.bio,available,70,8,10,,,
1eec20b9-26de-4586-809a-551738aa026b,provisions.black,available,70,8,10,,,
d55388eb-13b4-483c-bf24-e332cfc39996,provisions.blackfriday,available,70,8,10,,,
8db9c5f2-3a5d-43c9-a1a7-dc01fcd33438,provisions.blog,available,70,8,10,,,
b8cc4805-eaac-468e-a72e-3230cef6a091,provisions.blue,available,70,8,10,,,
23f6b998-2d9e-43c4-85c7-ff4974f77b4b,provisions.boats,available,70,8,10,,,
1f67f964-33da-47cb-b790-b876f5219d2a,provisions.bond,available,70,8,10,,,
05f54319-767d-4ece-bf7f-3933b285b941,provisions.boo,available,70,8,10,,,
25fecdce-0a78-4f9a-85de-f232c2ef39bb,provisions.boston,available,70,8,10,,,
bbd81072-1e39-4b51-95d6-9d3009e7616c,provisions.bot,available,70,8,10,,,
620eac57-e6c9-4730-968a-bdebba56a992,provisions.boutique,available,70,8,10,,,
62456629-1f4a-495a-b4e6-827cbcd28974,provisions.build,available,70,8,10,,,
e40fb571-412a-419d-aa32-04b985af3492,provisions.builders,available,70,8,10,,,
27fb5742-ad75-4b73-a261-3439f8679ecc,provisions.business,available,70,8,10,,,
035420f9-0934-47e9-82c3-4018aaba2b1e,provisions.buzz,available,70,8,10,,,
2451605a-9f8d-4a9e-92e5-225d3ff1ffa7,provisions.bz,available,70,8,10,,,
a5320175-d584-4935-880a-41181ad78712,provisions.cab,available,70,8,10,,,
a7db5657-4e0f-4ecd-8605-ae57221f3e33,provisions.cafe,available,70,8,10,,,
756b273c-d5b1-4b9f-b365-8b025656da34,provisions.cam,available,70,8,10,,,
61813b93-811f-4d41-ac6e-5e54a7949b17,provisions.camera,available,70,8,10,,,
6d674967-462e-43f8-9126-b2143b4f2ad2,provisions.camp,available,70,8,10,,,
84be5406-132b-4ae6-89af-87f82b0bff31,provisions.capital,available,70,8,10,,,
e1564608-1531-415f-a109-678e12a213c6,provisions.car,available,70,8,10,,,
7b13ddf6-5e14-4ef2-8fc9-750afb2664ae,provisions.cards,available,70,8,10,,,
e51e37b6-bdc3-4d8e-8bdf-e7930d7ef398,provisions.care,available,70,8,10,,,
2776a960-b500-47ab-aafb-0efcb1b971e5,provisions.careers,available,70,8,10,,,
1bde4740-637e-44f7-b164-31ff3e29f748,provisions.cars,available,70,8,10,,,
52fa8622-8fcf-475b-a7bb-db4ba9df3501,provisions.casa,available,70,8,10,,,
2f66a77d-5208-4cf4-bccb-13e5fc99f7db,provisions.cash,available,70,8,10,,,
7776855e-63b4-4ffe-a9cd-f2c86fc77888,provisions.casino,available,70,8,10,,,
704ceb4a-042a-4b02-9fbf-892a5cb0b875,provisions.catering,available,70,8,10,,,
37b53750-aff2-407e-8d70-dd46b138c53c,provisions.center,available,70,8,10,,,
715683ce-c82f-4a9a-88f5-017107f1c7d2,provisions.ceo,available,70,8,10,,,
07f4833b-c5c2-4140-9194-12502dd691ab,provisions.cfd,available,70,8,10,,,
87a7f5d1-7c0c-4e74-a4be-fbe342088e00,provisions.charity,available,70,8,10,,,
5e81b269-dfdc-497b-a9d5-deed0971c66e,provisions.chat,available,70,8,10,,,
05912651-6697-4d3d-8321-db4d01ebedfe,provisions.cheap,available,70,8,10,,,
24babba5-52db-461b-a37d-872d8dd21a05,provisions.christmas,available,70,8,10,,,
c7f30103-0398-4f26-b43c-1e5e5044c9a7,provisions.city,available,70,8,10,,,
d8d39f2e-a78e-4324-9ac0-3781dc4069ed,provisions.claims,available,70,8,10,,,
0ce7e065-7f9b-4cd8-8ec4-568849605149,provisions.cleaning,available,70,8,10,,,
2fe4e461-882f-4285-a3b0-5ed13bcc49a9,provisions.clinic,available,70,8,10,,,
5de22e6d-a32e-4ffa-8ef1-64e6fa9f1db8,provisions.clothing,available,70,8,10,,,
21f701f6-52bd-4644-9647-8825de53e0c8,provisions.club,premium,70,8,10,,,
a2ab3225-58c0-4911-9f4a-10de88649d30,provisions.co,sold,70,8,10,InternetX GmbH,06/06/2018 20:29,06/06/2026 23:59
32fe1b84-0ae3-405b-a795-f3cf7c988817,provisions.coach,available,70,8,10,,,
f400c2fc-467f-422d-9bd1-e2cd588ba8d6,provisions.codes,available,70,8,10,,,
a5522f1a-ac1a-4670-865d-4b314b1b2f4c,provisions.coffee,available,70,8,10,,,
19362e97-efe5-4627-b2b7-4d91c343530b,provisions.college,available,70,8,10,,,
b965bf10-7353-43c5-9892-e2b26504c3d5,provisions.com,resell,70,8,10,Dynadot Inc,23/06/1997 04:00,22/06/2026 04:00
5bfa88bf-2201-40ca-ae89-40993ac74963,provisions.community,available,70,8,10,,,
d1d7727b-3e65-4d84-b0d3-93a0358ea693,provisions.company,available,70,8,10,,,
c22deb78-cdea-4603-9fff-89541cbce607,provisions.computer,available,70,8,10,,,
a6f4851b-b491-4a25-98f5-df2b35a93799,provisions.condos,available,70,8,10,,,
93a2c86f-39eb-4740-b40f-4aeff4e7491b,provisions.construction,available,70,8,10,,,
b49591a2-9043-4d8c-8ae8-2398540140ba,provisions.consulting,available,70,8,10,,,
735905e0-d62d-47fc-926b-d4330cdb5fb0,provisions.contact,available,70,8,10,,,
249fd052-708f-486d-b213-2e68d8e4849c,provisions.contractors,available,70,8,10,,,
3fbec74e-6869-4823-8f67-14fc09fc0d4c,provisions.cooking,available,70,8,10,,,
c2d3323a-7919-477e-bbdd-9e1c030c8eab,provisions.cool,available,70,8,10,,,
8a3a5556-270c-40e6-b7bd-b38fefb70c73,provisions.country,available,70,8,10,,,
f3746930-c419-4774-92c7-11448e08e75b,provisions.coupons,available,70,8,10,,,
cdc03ce4-ddb9-4d42-b424-4b94ab752a85,provisions.courses,available,70,8,10,,,
e63a988a-8598-474a-9d3a-554d2b53be53,provisions.credit,available,70,8,10,,,
a4581ed2-bc7b-4f79-84de-21a7a8d12c31,provisions.creditcard,available,70,8,10,,,
b03c8735-95ae-4e18-9c9d-eb26303465e3,provisions.cricket,premium,70,8,10,,,
a84a4644-8d4b-4508-992d-658bec99d40a,provisions.cruises,available,70,8,10,,,
47478712-aea2-41b4-91f4-fb9f4e68dc28,provisions.cv,available,70,8,10,,,
292b3483-e331-4e0e-b117-74205aba6a22,provisions.cx,available,70,8,10,,,
c1b61d64-bc69-4fb8-8015-ce52516ab458,provisions.cyou,available,70,8,10,,,
e6d7985c-6ae0-4fc4-9922-d40e762c05bc,provisions.dad,available,70,8,10,,,
092cd59e-9519-4a18-b976-79fa76debc6f,provisions.dance,available,70,8,10,,,
7f145d01-8774-47e4-b9a2-26669f992da1,provisions.date,premium,70,8,10,,,
83451fdf-6a37-4e4b-b6f5-b2d1e60f746f,provisions.dating,available,70,8,10,,,
6c5dae68-6514-4817-92b1-16e64548d4db,provisions.day,available,70,8,10,,,
fcee5fe1-73c1-4ba9-8198-1956ef504f38,provisions.deal,available,70,8,10,,,
975df52d-e85f-4241-a9cd-8a2f7da97a95,provisions.dealer,premium,70,8,10,,,
c5de3929-fc0f-4292-9fe9-2145882b430b,provisions.deals,available,70,8,10,,,
12d3fe7e-49e7-4a76-b370-fa88682c03c2,provisions.degree,available,70,8,10,,,
e6e34f40-a799-4a0e-8656-c1e4ea54e533,provisions.delivery,available,70,8,10,,,
4633ab50-f8d6-46b4-81e3-45c93dc4049b,provisions.democrat,available,70,8,10,,,
43738335-cd8a-40c5-9134-ca5ad279b806,provisions.dental,available,70,8,10,,,
a61f7b78-a0e8-4083-a460-3c8c3cb8e248,provisions.dentist,available,70,8,10,,,
9a00f97c-bfd6-4687-99f6-66da1b19204b,provisions.design,available,70,8,10,,,
1c2d5808-e0a1-4800-ad90-c00c133bce3f,provisions.dev,premium,70,8,10,,,
f942e02b-a98f-4b82-90d2-44a655215667,provisions.diamonds,available,70,8,10,,,
52b86d73-0767-4f51-9cf6-32d95855e16e,provisions.diet,available,70,8,10,,,
bd677e56-a3ff-432a-97cd-b8b57ac2538a,provisions.digital,available,70,8,10,,,
56e2db59-8efc-4e4e-88a5-2e91c33996c6,provisions.direct,available,70,8,10,,,
1b976786-af5a-46a8-884a-3268e5625898,provisions.directory,available,70,8,10,,,
5a6187e8-aa90-4477-adc8-2e7145e81d8f,provisions.discount,available,70,8,10,,,
6494a5e1-99a8-4b1a-bbf1-4b2c0b5de5d7,provisions.diy,available,70,8,10,,,
b4eb08c1-20d4-4041-898c-ad89b28ff49a,provisions.doctor,available,70,8,10,,,
4aa01ee2-ac14-400f-9155-abc06c4b0693,provisions.dog,available,70,8,10,,,
3af92657-aecf-443e-9c06-5c2e19e18ace,provisions.domains,available,70,8,10,,,
7a3133a7-0165-4a08-9aa0-71bb19067e91,provisions.download,premium,70,8,10,,,
661afb04-5ecd-41c6-bd6f-597c09a2918d,provisions.education,available,70,8,10,,,
57d928c9-468c-4ff4-a2e8-3f3d242d938f,provisions.email,available,70,8,10,,,
76d2b5de-fd13-4ff9-b06d-6b6e9ca1e18a,provisions.energy,available,70,8,10,,,
99dd61c4-d61b-4e4a-9e8a-87907aeb84c1,provisions.engineer,available,70,8,10,,,
fe457d50-a37d-4d76-aecc-37909f778c8e,provisions.engineering,available,70,8,10,,,
fb044665-f5b3-4bba-9fad-3cc6e8c5936c,provisions.enterprises,available,70,8,10,,,
453dc02a-898a-4af6-b9f4-1551c0592572,provisions.equipment,available,70,8,10,,,
9f98ee71-b37d-4786-a357-64b276ee17d7,provisions.esq,available,70,8,10,,,
29b9850f-b7df-4b5a-8aac-c9991ffca583,provisions.estate,available,70,8,10,,,
0874e343-fcfe-47f1-b793-1ec3a9c14675,provisions.exchange,available,70,8,10,,,
4fb1d37e-62ac-45fb-a9df-fc741659cddd,provisions.expert,available,70,8,10,,,
dae94754-c89b-4330-b681-709ca3d3c4df,provisions.exposed,available,70,8,10,,,
24afe5bb-b648-4888-a18e-d8b5f63ae16d,provisions.express,available,70,8,10,,,
36d1a222-f7ba-4899-b5b3-9c65848da3a3,provisions.fail,available,70,8,10,,,
721e320a-43df-4170-b9a6-3bcbc6bd070e,provisions.faith,available,70,8,10,,,
3d389cd9-1e59-43c6-8bba-4e9b1fc0caff,provisions.family,available,70,8,10,,,
392889c2-a6ef-4be2-8f14-3857f4ab9875,provisions.fan,available,70,8,10,,,
c051f16d-1713-4da8-a073-d01522893ed7,provisions.fans,premium,70,8,10,,,
7d509b6a-c0b5-4268-bb04-1e91ac10446e,provisions.farm,available,70,8,10,,,
bbd8614a-941d-486f-8c8f-aa5d2a98d35b,provisions.fashion,available,70,8,10,,,
c92fb08f-2289-41f0-9498-e4cde6c2ace2,provisions.fast,premium,70,8,10,,,
f6958f9b-261d-4b38-b051-27ba27cfa689,provisions.feedback,available,70,8,10,,,
45ae9022-841e-4f2d-a527-5133323641e2,provisions.finance,available,70,8,10,,,
3bcf850e-4837-4aff-acd3-67a9e61c7174,provisions.financial,available,70,8,10,,,
025f459a-e44c-4bc3-bd55-69c4a95a34ff,provisions.fish,available,70,8,10,,,
a4591023-f6b8-42ab-bea9-3566c19b11c6,provisions.fishing,available,70,8,10,,,
74c38e97-5edd-43e7-8e06-794f9a4be396,provisions.fitness,available,70,8,10,,,
e1658aa1-8841-407f-8ce7-8ea5899ca8eb,provisions.flights,available,70,8,10,,,
662207a4-0c90-4b21-a9ed-5e2d86d289bb,provisions.florist,available,70,8,10,,,
61cf29a1-d21a-4245-a11f-574b5c850318,provisions.flowers,available,70,8,10,,,
7099674e-baa2-4d26-ac13-77d9aca6a179,provisions.fm,available,70,8,10,,,
fb4d326b-d9b7-4deb-8d7b-9b42002ab3f1,provisions.foo,available,70,8,10,,,
e5ba655d-b8fa-4cc4-8181-5ee9b7f62f83,provisions.food,available,70,8,10,,,
476d8623-f7c2-463f-bee0-44e439f9a651,provisions.football,available,70,8,10,,,
a96ed8f0-0acd-43fc-abd1-ffba8a867891,provisions.forsale,available,70,8,10,,,
aad2dd22-babe-47ed-9933-b3db662735ab,provisions.forum,available,70,8,10,,,
ef1dae94-592f-4d4a-b99a-3abe3c89a15c,provisions.foundation,available,70,8,10,,,
76d15b7e-70d6-4002-9526-923bb749fbb4,provisions.free,premium,70,8,10,,,
6ab8f9c8-5478-49f7-a5d6-e64bbeb008e1,provisions.fun,premium,70,8,10,,,
547cea76-eddc-4b5e-a39a-caa303a68e2a,provisions.fund,available,70,8,10,,,
3c07af01-da38-4e94-96c8-29945851940c,provisions.furniture,available,70,8,10,,,
0c080791-add6-4fbc-8a97-cdaf1ebdceb5,provisions.futbol,available,70,8,10,,,
bc83360e-b4b9-4ff7-b43d-cc0cb5cc1a5e,provisions.fyi,premium,70,8,10,,,
3259eca2-b3d0-4832-b8eb-3974f1f361b5,provisions.gallery,available,70,8,10,,,
293ead2c-17a0-4a76-ae76-ed8918b0cbd6,provisions.game,available,70,8,10,,,
05be620d-98c3-4c1a-91f3-bb0a31e088d3,provisions.games,available,70,8,10,,,
d43d5aaf-afec-438a-8d6c-6415696d1e70,provisions.garden,available,70,8,10,,,
0148b4f1-2331-40f0-b718-4ddb1c525266,provisions.gay,available,70,8,10,,,
6d7496a1-3406-4ed9-9c24-45be6808589e,provisions.gg,available,70,8,10,,,
28373b26-16ef-4352-a17a-febabb539dab,provisions.gift,available,70,8,10,,,
7497230b-8276-4ff0-9e43-0aa8ebe5c9e4,provisions.gifts,available,70,8,10,,,
0ee4865e-f50b-4c2d-9556-25daef66f7d4,provisions.gives,available,70,8,10,,,
5a7ea2b4-3f2e-404c-9a00-20434313f944,provisions.giving,available,70,8,10,,,
90ca7104-192c-4a82-9f15-49244391b5a2,provisions.glass,available,70,8,10,,,
0b0c48be-1f0e-4f53-99eb-fbbd0061428c,provisions.global,available,70,8,10,,,
2a313525-0243-4bf8-821c-6a9c09b35954,provisions.gmbh,available,70,8,10,,,
89a54165-6e6d-4a1e-88f2-620593a6652f,provisions.gold,available,70,8,10,,,
59a15546-54f3-4e43-a2ad-23b592eae4af,provisions.golf,available,70,8,10,,,
97ef42c8-0b0a-42ab-9088-fc321d7f15b5,provisions.graphics,available,70,8,10,,,
6cd5b102-6312-414a-89f0-87b2b365cc6a,provisions.gratis,available,70,8,10,,,
2bfd82a2-d863-40c6-96a1-bb41753b7587,provisions.green,available,70,8,10,,,
ff2af54b-4a26-4783-bf5d-7f6fd3a4ed86,provisions.gripe,available,70,8,10,,,
f4ac270c-f9da-40ef-b465-43ef3705dca7,provisions.guide,available,70,8,10,,,
ccee1974-eaa1-4810-967f-8005a73c66e5,provisions.guitars,available,70,8,10,,,
8b47036b-c242-468e-bd95-0f9b3b6bb6d9,provisions.guru,available,70,8,10,,,
3905d2fe-89dd-415d-9a38-d9598d8b90ec,provisions.hair,available,70,8,10,,,
4d293bed-2eb6-4f73-b1aa-df9523cc9a6c,provisions.haus,available,70,8,10,,,
8f4d1826-f641-441f-871b-6ab59dddb0f5,provisions.healthcare,available,70,8,10,,,
1c3acf4d-5049-477b-af6f-2a516bca9a81,provisions.help,available,70,8,10,,,
27eb8b37-2703-45c5-a881-56d916bb9624,provisions.hiphop,available,70,8,10,,,
dd315aa7-178f-44c5-8617-b88f67ecd17f,provisions.hiv,available,70,8,10,,,
ee7a79b3-61d8-4a56-8e46-1e761f3a79fb,provisions.hockey,available,70,8,10,,,
628bdcd2-47dd-4193-9e35-a51527339069,provisions.holdings,available,70,8,10,,,
41f99e6c-8191-4b32-a3dd-3fcdb25eefe9,provisions.holiday,available,70,8,10,,,
18a8f2b4-e8ad-4621-8ac2-a545ffa9e3ec,provisions.homes,available,70,8,10,,,
9a64bc99-5273-4737-90d0-691af47db0d9,provisions.horse,available,70,8,10,,,
8657b744-b481-4d37-a265-5670a4b44f26,provisions.hospital,available,70,8,10,,,
74b28d86-8af8-443d-b1c8-6dd42ecde4c9,provisions.host,available,70,8,10,,,
19e1d9f6-4ae2-40f9-a5c9-81a987da1411,provisions.hosting,available,70,8,10,,,
00c27b66-b575-437d-9c3d-0b40e043a73b,provisions.hot,premium,70,8,10,,,
9509cf78-5a04-4043-9b54-d607e6d5a157,provisions.house,available,70,8,10,,,
acbb55e4-521b-4257-bcce-ab152e6bbba5,provisions.how,available,70,8,10,,,
1586bd80-0059-4d80-8dae-e36971ce5d22,provisions.icu,available,70,8,10,,,
21914366-e57f-4671-8702-c5c0721abf54,provisions.id,available,70,8,10,,,
0c89381c-2419-4ba7-8f23-17c0eea866fa,provisions.im,available,70,8,10,,,
af275991-b518-4de1-adce-743f188dd418,provisions.immo,available,70,8,10,,,
1787dd43-6508-470c-bc14-afdddfdd3e2d,provisions.immobilien,available,70,8,10,,,
79d8074d-8979-453a-b1c4-a69009d2f4fa,provisions.inc,premium,70,8,10,,,
7f4b33ec-8c86-4700-836c-ebe311a5af32,provisions.industries,available,70,8,10,,,
b807612d-2c37-4e19-8ea0-8409eb596b7c,provisions.ing,available,70,8,10,,,
694af5f7-32b9-49ba-8574-8c6b2c17b83f,provisions.ink,available,70,8,10,,,
57afde7b-7406-4ff7-9e3c-48700bfa5ff4,provisions.institute,available,70,8,10,,,
91be9f54-d720-425f-8699-58349d8859ec,provisions.insure,available,70,8,10,,,
312725a2-da3d-4fbb-879b-8fd0ec4c9d9a,provisions.investments,available,70,8,10,,,
aebdba82-67f7-4f4e-936e-652e6b1ed28a,provisions.io,resell,70,8,10,"GoDaddy.com, LLC",14/04/2017 22:50,14/04/2026 22:50
6538fc6e-3fd7-4630-b598-2e112823540d,provisions.irish,available,70,8,10,,,
18585b2b-b5ac-4f50-abd3-b93022cbe5a4,provisions.it,resell,70,8,10,,09/01/2013 11:59,30/01/2026 00:00
25894751-de29-4f63-aabc-46ae29aa1e02,provisions.jetzt,available,70,8,10,,,
ee2aca5a-8b14-489a-b930-ec0428829643,provisions.jewelry,available,70,8,10,,,
fb23bb4b-dba5-4e11-a59c-7a1d66763b56,provisions.juegos,available,70,8,10,,,
9c5f9ccb-05e3-4eb0-8baf-31193ddd879d,provisions.kaufen,available,70,8,10,,,
1a1e548f-08fc-4c46-b368-338df9c9a0d1,provisions.kids,available,70,8,10,,,
c8b0762f-649a-419c-b61a-99851422cac5,provisions.kim,available,70,8,10,,,
72eec625-d0c3-47a5-89a6-3fc08b635117,provisions.la,available,70,8,10,,,
708cd917-38e9-41dc-9b31-01fa6e991ed3,provisions.land,available,70,8,10,,,
24b1ab04-deab-4a53-9272-5325fe4ffe0f,provisions.lat,available,70,8,10,,,
ec4b68a2-34f2-4365-a69b-829f7b8bc1cd,provisions.law,available,70,8,10,,,
1d112997-aa7f-43d7-ae1f-81f6d51734fa,provisions.lawyer,available,70,8,10,,,
8c0403c8-c47c-4e41-82f8-1718e0d92add,provisions.lease,available,70,8,10,,,
50319fba-e69a-4d54-8ea0-eaeb27a9f549,provisions.lgbt,available,70,8,10,,,
cec01ac6-4105-44d8-ab0c-ea4c0134c56b,provisions.life,available,70,8,10,,,
cc4bfa11-7b17-46a0-8e13-9c43911d2891,provisions.lifestyle,available,70,8,10,,,
827f36e1-b239-4d11-9b8b-9b68f2448b6e,provisions.lighting,available,70,8,10,,,
146af360-61c2-4f1e-9037-5b056d5c4a43,provisions.limited,available,70,8,10,,,
3c1cb7f6-dbcf-4f61-afbb-92c945ba3311,provisions.limo,available,70,8,10,,,
351cc070-f237-4c4c-a76d-1e534f36c696,provisions.link,premium,70,8,10,,,
6367368f-d499-4259-b3ea-76fa88408506,provisions.live,available,70,8,10,,,
5a50f523-e61b-42f8-9a64-82364c423e8a,provisions.living,available,70,8,10,,,
604413b8-9f9b-449c-aefd-c34f352859c7,provisions.llc,available,70,8,10,,,
3fabd708-e1a0-499b-b3fb-3559f20c0f18,provisions.loan,premium,70,8,10,,,
421c8084-b435-496b-8440-97e1544250db,provisions.loans,available,70,8,10,,,
35989650-e3d8-4445-b177-9897d7f62a4c,provisions.locker,available,70,8,10,,,
e2c119a5-7cb1-4526-93c2-e2e2fc77e92c,provisions.lol,available,70,8,10,,,
856e7910-6039-4ab8-b7cd-6e07db6349eb,provisions.london,available,70,8,10,,,
571fe4c3-c658-4ae1-916a-40787871fd91,provisions.love,available,70,8,10,,,
1b6b54eb-c4f2-48f6-b65b-3775ebd8a3eb,provisions.ltd,available,70,8,10,,,
287bac14-ec11-4406-9c16-80727966424c,provisions.ltda,available,70,8,10,,,
a29596cc-341e-41d9-a426-08d5b1525048,provisions.luxe,available,70,8,10,,,
b201edb6-70fd-487f-9809-5c0a01f2d69a,provisions.luxury,available,70,8,10,,,
8d6c82e3-1634-4a24-b814-ddc06bf9d89b,provisions.maison,available,70,8,10,,,
f208eff6-a94e-4775-81a4-2654a1a336a0,provisions.makeup,available,70,8,10,,,
ab986b82-8172-4fb6-b836-0fc68ec101be,provisions.management,available,70,8,10,,,
44884729-71bd-44a5-8a7e-c46f242ca217,provisions.mba,available,70,8,10,,,
0a304b94-ea94-4695-bc89-9b11874df60c,provisions.me,resell,70,8,10,West263 International Limited,03/09/2025 13:01,03/09/2026 13:01
07217a9e-6aa2-4d83-9d9e-793b6dfce981,provisions.melbourne,available,70,8,10,,,
08d9a1e9-0e7f-4fee-985f-e94a8e957e15,provisions.meme,available,70,8,10,,,
26873067-7bc6-4e92-8583-e89053fb3d96,provisions.memorial,available,70,8,10,,,
92e71cba-7163-436e-803f-96cdbaf3d2b3,provisions.men,premium,70,8,10,,,
7a24ee6a-c165-4b5d-b825-6685c620ce43,provisions.menu,available,70,8,10,,,
5bf0d786-7615-4241-afa2-439022038730,provisions.miami,available,70,8,10,,,
43951c33-371d-42be-8e21-4d48691ea20d,provisions.mobi,available,70,8,10,,,
6413d99c-deae-46bb-9009-21e092a95cfe,provisions.moda,available,70,8,10,,,
841c4b40-b1f5-4184-869f-d8b6b41d4c78,provisions.moe,available,70,8,10,,,
6ef53ea0-6a4e-4fbb-a54c-34a7601c3b57,provisions.mom,available,70,8,10,,,
a53345cc-28a2-4eaf-92a6-8ba96114022c,provisions.money,available,70,8,10,,,
5617598f-81aa-4e69-ad08-cbef11d3b726,provisions.monster,available,70,8,10,,,
b0e8e856-48fb-456c-bce2-ffdec1317678,provisions.mortgage,available,70,8,10,,,
3381adb1-97a7-453c-8a53-4803a572ffbc,provisions.motorcycles,available,70,8,10,,,
835261a6-bee3-4038-9ecb-6efe40ea343e,provisions.mov,available,70,8,10,,,
bde6ed39-c69c-40e5-854b-28a47007f861,provisions.movie,available,70,8,10,,,
1eedc639-7f28-4178-929c-62c3f489247d,provisions.music,available,70,8,10,,,
296b8e9f-0e19-4664-8dc6-6f526ca1911f,provisions.mx,available,70,8,10,,,
f75b1432-6261-42f0-91c1-9c75f5814039,provisions.name,available,70,8,10,,,
7664c6a2-e18b-4a60-90be-6a4317e5a0c2,provisions.navy,available,70,8,10,,,
94aafdc8-7e0d-463c-a26a-357832519b4d,provisions.net,expiring,70,8,10,"GoDaddy.com, LLC",04/01/1999 05:00,04/01/2026 05:00
c2534951-46f9-443e-b065-65eff8d41faa,provisions.news,available,70,8,10,,,
3e3af17f-73e6-4fea-90f5-3a4185c4ca50,provisions.nexus,available,70,8,10,,,
cc3faf47-c312-4d86-a5dd-9ca7ff47b82d,provisions.ngo,premium,70,8,10,,,
107d8e77-a972-44aa-b879-da01994d5386,provisions.ninja,available,70,8,10,,,
fa072ed7-5fed-4215-a174-91ce7459412d,provisions.now,available,70,8,10,,,
e1ce7bb9-93e5-4ec2-a0bc-6b8a91cb6aea,provisions.nyc,available,70,8,10,,,
2fd0a96e-8f75-475b-938a-9859cd17c79d,provisions.observer,available,70,8,10,,,
b517af7a-cf2e-41f2-94e8-2ad80578a982,provisions.one,available,70,8,10,,,
f619efa2-d13c-483f-95db-f8bbe2325455,provisions.ong,premium,70,8,10,,,
7c90f08b-7f8d-4ea4-bb27-6c58b7a0c311,provisions.onl,available,70,8,10,,,
a3ee6a2e-7131-4b32-bfdc-601243b0cab8,provisions.online,resell,70,8,10,"Go Daddy, LLC",04/11/2025 20:10,04/11/2026 23:59
aafe50af-c283-4863-8fbd-a5537c4996e1,provisions.ooo,available,70,8,10,,,
2813898c-8d7b-48aa-ab14-ec2d5694d879,provisions.organic,available,70,8,10,,,
9ebe78c1-3219-41d4-bcb8-b3d35eb3c6ba,provisions.osaka,available,70,8,10,,,
11d2dae2-0f90-4a78-8e57-50ea090cc0ae,provisions.page,available,70,8,10,,,
41ac184a-821e-4153-86ce-af3aa58c2144,provisions.partners,available,70,8,10,,,
cd6e4e7a-ef4b-42ff-b729-dadc884986c6,provisions.parts,available,70,8,10,,,
63ff4d26-8516-4025-81c8-a266cfb3f437,provisions.party,premium,70,8,10,,,
4e8c466d-fcdb-4405-a25d-776db8b37d29,provisions.pet,available,70,8,10,,,
2cbebd83-ae61-4c9a-b3f6-2e1d5381d345,provisions.phd,available,70,8,10,,,
05c00860-89b1-4b77-a700-7ff78077828f,provisions.photo,available,70,8,10,,,
4e050dc0-bbc9-49da-91ee-b7c65fef4a79,provisions.photography,available,70,8,10,,,
b0320708-ea5b-448f-b8bb-1aafd7752c93,provisions.photos,available,70,8,10,,,
e4f2e23e-2f6f-45b4-9ee0-f1a3cf64a49f,provisions.pics,available,70,8,10,,,
57697a1e-cc3f-4a3f-873f-9cdbaa8592f3,provisions.pictures,available,70,8,10,,,
c3386d36-23b6-46c8-9467-34303e62efcf,provisions.pink,available,70,8,10,,,
44342947-4ecd-4991-9f99-7160fbad02e8,provisions.pizza,available,70,8,10,,,
ccda9f48-3876-4000-b99b-4d94a5ede54c,provisions.place,available,70,8,10,,,
e0cc5c52-799a-4d0b-9e6e-e2474b6c071d,provisions.plumbing,available,70,8,10,,,
db073b6b-de18-4be2-aeaf-8d7387389bde,provisions.plus,available,70,8,10,,,
455348f7-60f7-4366-a6e8-d7b4fecf5e7c,provisions.poker,available,70,8,10,,,
73673eda-bbf2-495f-89af-94e7d4bc2c16,provisions.porn,available,70,8,10,,,
f29364a1-ab3e-4810-b853-bc8af5d3e415,provisions.press,available,70,8,10,,,
b3b19e46-196b-47b8-a6ae-4247717903e4,provisions.productions,available,70,8,10,,,
c2263a53-5d6a-40c9-a6cb-cea874aff6a1,provisions.prof,available,70,8,10,,,
a27d8da8-908c-44cf-b346-a59e91569650,provisions.promo,available,70,8,10,,,
2d2505f8-f257-4f8a-81d6-3e1a5725d1b0,provisions.properties,available,70,8,10,,,
4eaa4c32-c37b-46e1-9d36-2e22f6bc9491,provisions.property,premium,70,8,10,,,
08c863ba-bd63-4c30-a1e3-ee9182aa5292,provisions.protection,available,70,8,10,,,
39b738e9-7277-463a-8b38-3aabece84483,provisions.pub,available,70,8,10,,,
c89166f0-235b-4c19-bffe-c679edec09b8,provisions.pw,premium,70,8,10,,,
7916f03e-79bb-4c35-a97e-5ef5790a1a60,provisions.qpon,available,70,8,10,,,
2d022501-4319-4043-96af-e3e2cf1c3d30,provisions.racing,premium,70,8,10,,,
6fd526ea-068a-4bcd-89f2-dbf4302a95e8,provisions.realty,available,70,8,10,,,
6e6bccfe-f2e0-4b45-9e32-6163b2150011,provisions.recipes,available,70,8,10,,,
a7090ba3-1138-4037-b62d-490cbc5f6d85,provisions.red,available,70,8,10,,,
df97e281-bde6-414f-a50e-c25b3be57cf5,provisions.rehab,available,70,8,10,,,
3119fd65-ca35-4e6f-acf6-38c8372b72f5,provisions.reise,available,70,8,10,,,
e6575ede-4674-4b1f-a09a-00a144405f17,provisions.reisen,available,70,8,10,,,
d9148196-3465-4a9c-b23e-e0b3c58875ef,provisions.rent,available,70,8,10,,,
8a2884ac-d074-4fae-996b-990df607b66d,provisions.rentals,available,70,8,10,,,
12fddc03-3a20-45de-9f43-507b46a0dea1,provisions.repair,available,70,8,10,,,
e955b9cf-6560-4f33-b695-362c071ad1ea,provisions.report,available,70,8,10,,,
76c0d39e-ddc3-491e-8019-e0f4fc552b3c,provisions.republican,available,70,8,10,,,
1954cce3-e022-4a62-b8e1-b2a218691478,provisions.rest,available,70,8,10,,,
5d481ccd-fdc0-46a3-aaf1-b72be69c4f58,provisions.review,premium,70,8,10,,,
0a44d4eb-c40d-4356-ae7c-2d47f6dc893f,provisions.reviews,available,70,8,10,,,
e713b68f-0e21-4596-9d15-8e5bec84f27c,provisions.rich,available,70,8,10,,,
dff2a1ff-4e2c-4dbe-8bae-60ccb1b74859,provisions.rip,available,70,8,10,,,
1352dc17-9ed7-4893-bb70-057862d76fe0,provisions.rocks,available,70,8,10,,,
fe369671-d924-4abd-b43e-e508e84b494e,provisions.rodeo,available,70,8,10,,,
41deec62-d1e5-43ea-8350-f644d84c131c,provisions.rsvp,available,70,8,10,,,
26ec2abe-1ec6-4caa-8764-b775761bf1d8,provisions.run,available,70,8,10,,,
b81d834f-7f54-4aa0-915c-78c67cb2ff31,provisions.sale,available,70,8,10,,,
b93e7e11-dc94-4c67-b327-782574cd0894,provisions.salon,available,70,8,10,,,
e23b5d1a-6815-442f-a116-457b228673e3,provisions.sarl,available,70,8,10,,,
31693d97-4e33-40ac-8a96-5584fff62518,provisions.sbs,available,70,8,10,,,
96f1e227-a95d-459d-aa51-4fc0fa48438d,provisions.school,available,70,8,10,,,
3e2c14ab-ce32-44a6-a796-3803f53b3b11,provisions.schule,available,70,8,10,,,
ef1bc344-dce6-45ba-b651-bfa653354594,provisions.science,premium,70,8,10,,,
80d1e1b1-4550-473b-9cc0-8f5061ed6e8a,provisions.security,available,70,8,10,,,
a0ede0ee-c8f3-4c31-88f2-5c1b7b9db4ae,provisions.services,available,70,8,10,,,
ff8ef62c-80f7-44e5-960f-4d85721f1e86,provisions.sexy,available,70,8,10,,,
c8f1f239-7269-47be-915b-aabb807096e7,provisions.sh,available,70,8,10,,,
533c078f-8a76-4bce-9ef8-64cc65c94efa,provisions.shiksha,available,70,8,10,,,
ff733ebf-3abc-4f6c-8312-46cf3a714654,provisions.shoes,available,70,8,10,,,
abfd764b-aa39-43c3-a848-f5d3ecb8413b,provisions.shopping,available,70,8,10,,,
d2b78b79-e552-4f49-ae68-8a027504b48a,provisions.show,available,70,8,10,,,
6314009f-cfd4-4e60-b70a-eb5cd3965037,provisions.singles,available,70,8,10,,,
39669c6c-1066-42ec-be64-ebdfa1df3e37,provisions.site,premium,70,8,10,,,
c4b982de-3cfa-46d1-9278-94552de73c62,provisions.ski,available,70,8,10,,,
114cd0f5-cf1c-4110-b9ca-225d809a29cc,provisions.skin,available,70,8,10,,,
a87478b0-343e-4593-a371-89b150518302,provisions.so,available,70,8,10,,,
375a9c40-0897-4159-9fe8-be11321bf4b3,provisions.soccer,available,70,8,10,,,
60f6bf43-e321-4afe-bae5-1cbf0efe9450,provisions.social,available,70,8,10,,,
5484a9a0-63a9-485b-845b-4881f13eb341,provisions.software,available,70,8,10,,,
beabed8e-17f2-4c89-8a4a-af1c913a3849,provisions.solar,available,70,8,10,,,
4fbcf492-8fe4-4f59-b171-b3b218fd71a5,provisions.solutions,available,70,8,10,,,
c10ec8b9-37e3-43a9-9c86-f8fe0ba70422,provisions.soy,available,70,8,10,,,
f207e5d1-91a0-4b3e-a4a6-61133da27258,provisions.space,premium,70,8,10,,,
e7c787d3-7851-483c-a269-ddae1cd96353,provisions.spot,premium,70,8,10,,,
fca1a430-f1e8-45ee-9e41-83a33fb27920,provisions.srl,available,70,8,10,,,
c430684e-2981-4705-8fe2-378f1cb6618d,provisions.storage,available,70,8,10,,,
2ba9ccdb-d589-4c8e-9d0d-3465f396fc26,provisions.store,premium,70,8,10,,,
984eea44-4e77-44d3-882a-638f7e9a4fd1,provisions.stream,premium,70,8,10,,,
a3017737-1404-4b90-8ebf-ddf3cabf7b7e,provisions.study,premium,70,8,10,,,
091fb03d-8ab9-432f-af1a-fcbb7a14e024,provisions.style,available,70,8,10,,,
7b75ee2e-8672-4548-8cd4-5d591ea63417,provisions.sucks,available,70,8,10,,,
59cfb94a-908d-4a9b-b06f-1855c8b42cb1,provisions.supplies,available,70,8,10,,,
e605ff60-653e-4815-8362-e870bfb718c3,provisions.supply,expiring,70,8,10,Porkbun LLC,20/12/2023 23:55,20/12/2025 23:55
9ad7c03c-3bb1-47c6-af94-56246741cfc1,provisions.support,available,70,8,10,,,
f75a0cbc-c890-4b63-902d-ab1d72b5d465,provisions.surf,available,70,8,10,,,
b5b7e70c-6784-46a6-b68c-3c16c3567619,provisions.surgery,available,70,8,10,,,
94af1719-4c97-4ff8-bd29-717f3e63a022,provisions.sydney,available,70,8,10,,,
74c69fbb-bb89-476e-a037-6bb2b98ede6f,provisions.systems,available,70,8,10,,,
7c7ed039-3c6f-4f9f-af4f-5d2d8b84d8eb,provisions.talk,premium,70,8,10,,,
b9f745e8-cb84-4d28-9631-7a0e7460fe8e,provisions.tattoo,available,70,8,10,,,
1cad0250-78dd-41b7-b66d-aaf505f4f534,provisions.tax,available,70,8,10,,,
d5f986a1-868e-47d9-a570-1c63a0d43639,provisions.taxi,available,70,8,10,,,
f135f5ec-914c-4495-b258-243ad0cc2d51,provisions.team,available,70,8,10,,,
b039ef25-cc41-40bb-a54e-22888028abf9,provisions.tech,premium,70,8,10,,,
ea2b41d1-4491-44de-8705-60ae85f3ead4,provisions.tel,available,70,8,10,,,
e758f872-5b74-41f2-8242-67e3febbf0f4,provisions.tennis,available,70,8,10,,,
bfe33d5e-618c-4e02-ab19-5088d2183bfe,provisions.theater,available,70,8,10,,,
62e1c896-182d-4544-9020-c501922680ec,provisions.theatre,available,70,8,10,,,
a4bc8c5f-237a-4235-8d75-01e490f2122d,provisions.tickets,available,70,8,10,,,
c6b1a0ee-025d-4840-9ef2-99305233da7f,provisions.tienda,available,70,8,10,,,
1ec76c41-7c48-4705-b27d-85bd471a792d,provisions.tips,available,70,8,10,,,
eed8b9e4-1c93-4144-b8c1-638cbbba8561,provisions.tires,available,70,8,10,,,
730e70a8-eefb-46c2-bec1-1694df00a0f2,provisions.tools,available,70,8,10,,,
61d38753-ffa9-4a18-a5b6-632620f47a7a,provisions.top,available,70,8,10,,,
63d31edd-68a3-4b1a-af64-7f519f7009f3,provisions.tours,available,70,8,10,,,
a3f02ed7-cf3f-4406-86ab-d8b5537f02ff,provisions.town,available,70,8,10,,,
924ad9db-39c7-4666-ade0-8a1f54fdaa98,provisions.toys,available,70,8,10,,,
d0f6be04-8173-4ef2-8ea1-5c86634024e5,provisions.trade,premium,70,8,10,,,
61a82daf-7a0a-4eae-b9d9-900b83888dd5,provisions.training,available,70,8,10,,,
1ffbede6-c91a-462c-871a-eb0bd3a52252,provisions.travel,available,70,8,10,,,
0182c85a-673d-40d6-96b6-7ab45c7b5888,provisions.tube,available,70,8,10,,,
2f2e4b16-f75d-4095-8d45-e7154d74ab04,provisions.tv,available,70,8,10,,,
85a9f86d-a264-4ed2-87bf-11c682444be4,provisions.university,available,70,8,10,,,
e6543309-43e3-4e2b-bec5-06f2bf99ad15,provisions.uno,premium,70,8,10,,,
238e8119-75f6-4ab0-8f16-1dff373bc6e1,provisions.vacations,available,70,8,10,,,
8a2ed855-7481-4c67-8e27-808858aea1e2,provisions.vana,available,70,8,10,,,
116912ed-b2c7-4555-b8a2-2827087303a1,provisions.vc,available,70,8,10,,,
8cbf0e00-6bab-4257-b130-f4d49f4e7545,provisions.vegas,available,70,8,10,,,
a89a73a1-e485-424c-81bd-50fd99ad5b1a,provisions.ventures,available,70,8,10,,,
218c6b94-3262-4eb7-8b8c-544622154801,provisions.vet,available,70,8,10,,,
65c060fd-36c7-4a8e-a210-ebbcff46fecc,provisions.viajes,available,70,8,10,,,
2a27b5a0-3294-4c4c-9897-82a3766f6306,provisions.video,available,70,8,10,,,
6e066a8f-919a-4228-af15-0b955b533afe,provisions.villas,available,70,8,10,,,
13a0d124-232d-4b00-a417-c52319babeef,provisions.vin,available,70,8,10,,,
6744d4a8-8a0d-4b57-8315-6e0577afbee1,provisions.vip,premium,70,8,10,,,
7bce61bc-eef9-401c-a142-2705b5c3e189,provisions.vision,available,70,8,10,,,
4f4b9b8e-1c40-4f5f-917d-99287e10d527,provisions.vodka,available,70,8,10,,,
5a96ba63-f57b-4d34-95ff-4f6bc410e072,provisions.vote,available,70,8,10,,,
172b997c-d1eb-40dd-8877-9abd63e8cd82,provisions.voting,available,70,8,10,,,
7c1625a4-a1a9-4c50-acd1-90752b1fafb0,provisions.voto,available,70,8,10,,,
b84b97db-833b-40f0-a5f6-e9a6d4b396cd,provisions.voyage,available,70,8,10,,,
bb256042-d300-410f-bf40-370bedc2062e,provisions.watch,available,70,8,10,,,
2fcb697a-62cf-43bd-9f1c-f023b15e265a,provisions.webcam,available,70,8,10,,,
107b0e06-efa6-4372-800a-7b0a19875690,provisions.website,premium,70,8,10,,,
386cd6e3-5297-4468-b151-ed83b4d5b618,provisions.wedding,available,70,8,10,,,
5a68428b-6c18-4205-932f-a0176aefcd40,provisions.wiki,available,70,8,10,,,
978e6008-03cd-4655-950a-cf547c7e9966,provisions.win,premium,70,8,10,,,
52f1e74b-fd87-4d3a-b3b0-715b856f8a55,provisions.wine,available,70,8,10,,,
2c9fa3e9-9d9d-4441-b33c-7805d31ae385,provisions.work,available,70,8,10,,,
eb15c702-b739-41a8-8b59-bf5ce84c2019,provisions.works,available,70,8,10,,,
dbe596fd-c1e8-4ef0-9fa8-bb3a7ac5f0f8,provisions.world,available,70,8,10,,,
369f858e-42ff-4f93-a198-3e656f0e381d,provisions.wtf,available,70,8,10,,,
190477ef-e3c8-46f5-adac-3eb5f085cd25,provisions.yachts,available,70,8,10,,,
49dd5f92-c26c-4e76-a420-d89e9f9beb3d,provisions.yoga,available,70,8,10,,,
12b941a6-7b84-4cc4-aeb4-8db2575292a6,provisions.you,premium,70,8,10,,,
8d14e8a2-a421-47df-ad27-c7728eebd64b,provisions.zip,available,70,8,10,,,
6e825ad5-323b-4d79-82ab-e8a4572e01bb,provisions.zone,available,70,8,10,,,
1dae93fa-fd60-4f91-b147-c28fd7ada125,staples.ai,resell,,48,7,Ewire,15/07/2018 15:39,15/07/2026 15:39
75db9b85-ddbf-42ca-9ef6-779cb41f1ffc,staples.app,expiring,,48,7,"Global Domains International, Inc. DBA DomainCostClub.com",10/07/2024 16:38,10/07/2025 16:38
30ab3b9b-4c9b-4b9d-85ca-159e3b34844c,staples.dev,available,,48,7,,,
4b2466e5-5405-40a2-9af3-d0825c5636bb,staples.expert,premium,,48,7,,,
cb84fdc8-a9df-4918-8250-106f08c61ddd,staples.gg,available,,48,7,,,
ee0e12cf-ec03-4da3-b263-fa9534a8e379,staples.io,resell,,48,7,Porkbun LLC,30/07/2018 21:18,30/07/2026 21:18
f9e06ea5-1a5f-459b-9a40-443da943c78a,staples.ninja,premium,,48,7,,,
d8d57adf-8019-4f92-8dee-7a229d9ab27e,staples.online,premium,,48,7,,,
ee9cd1d3-a00c-41b2-bae4-1ef272fd0ed1,staples.site,premium,,48,7,,,
b5cbea2c-9556-4f0a-9a1c-b91acf3bc098,staples.so,available,,48,7,,,
1b91f7fb-7d75-4d00-afd4-f46ccf901f72,staples.store,premium,,48,7,,,
8d4c75d5-1018-4a72-8cd1-3a11747a5fff,staples.tech,premium,,48,7,,,
872d11cb-63db-4850-8a7b-5ae07bfba90a,staples.zone,premium,,48,7,,,
a1da72a8-8bad-444a-bafc-7379844bbcd4,beverages.cloud,premium,54,32,9,,,
3990abb7-378c-47c0-980d-66b6c5adc0c3,beverages.co,expiring,54,32,9,"Register.com, Inc.",21/07/2010 21:23,20/07/2025 23:59
381559fd-90b8-451f-83e6-73c3078d1ae1,beverages.dev,available,54,32,9,,,
af918fec-3960-42d8-b7a9-20da4b47994e,beverages.expert,available,54,32,9,,,
08c6fa39-74db-4373-846d-a2744bea22e4,beverages.gg,available,54,32,9,,,
55e95b50-1a1a-4b37-bff3-2e5594de651e,beverages.me,expiring,54,32,9,"Spaceship, Inc.",13/07/2024 17:08,13/07/2025 17:08
fbad2abc-2802-4d94-9ce1-2f66ad2997af,beverages.net,resell,54,32,9,"GoDaddy.com, LLC",04/03/1997 05:00,05/03/2026 05:00
45abf4f3-4fe3-4e5b-9fe0-2e6cbbf64191,beverages.ninja,available,54,32,9,,,
114720f8-9132-4008-b49b-54350d8f7302,beverages.online,premium,54,32,9,,,
bd4058e1-13e1-484f-912c-c90ccb083540,beverages.site,premium,54,32,9,,,
7d1b2ddc-a13c-4963-9f9f-d4ae539cd401,beverages.so,available,54,32,9,,,
f0869898-26af-498c-86ea-17c2cecaa494,beverages.space,premium,54,32,9,,,
cbf16e17-4fbb-40ca-9cca-4416524cf9cb,beverages.store,premium,54,32,9,,,
1ab0509e-5c74-4126-89d0-565963db6482,beverages.tech,premium,54,32,9,,,
0de04f03-c4eb-47f8-9f7a-b329dea05ef7,beverages.us,expired,54,32,9,"Sav.com, LLC - 6",03/07/2023 00:00,03/07/2025 00:00
a29060c1-e9a6-457e-b7c2-713ac4c1b861,beverages.xyz,resell,54,32,9,"Go Daddy, LLC",02/06/2014 18:13,02/06/2026 23:59
74eb7401-b88c-48e3-930e-c1fd521521ad,beverages.zone,available,54,32,9,,,
a63675dd-7de5-43cc-b3c8-231cdec14a37,dairy.at,available,74,76,5,,,
4e56a452-4f85-43ec-9d5b-620baba6713f,dairy.co,expiring,74,76,5,1API GmbH,21/07/2010 21:27,20/07/2025 23:59
58dab0ea-7a4c-48e5-8880-888c7b47c67c,dairy.dev,premium,74,76,5,,,
6ad6e719-3198-495c-9375-faa6fbdcf076,dairy.expert,available,74,76,5,,,
b78acdd0-4c31-4ed7-a70f-f10347c34f2a,dairy.io,resell,74,76,5,"Sav.com, LLC",26/06/2014 12:15,26/06/2026 12:15
6eb3221c-2bc6-4078-91ac-f16ed7c7ecb5,dairy.me,resell,74,76,5,"Spaceship, Inc.",05/10/2017 01:05,05/10/2025 01:05
fbf646f5-20fe-4425-9bf8-f71345681e13,dairy.ninja,available,74,76,5,,,
ba4f43c8-e12c-4ea4-9646-b6259b8024c4,dairy.online,premium,74,76,5,,,
86874da7-d6f7-4d86-a1b9-7cae2b08eea3,dairy.pro,resell,74,76,5,"GoDaddy.com, LLC",26/10/2008 00:00,26/10/2025 00:00
3f1a2ae1-96a2-43d7-b57d-85e92282638b,dairy.site,premium,74,76,5,,,
1d56ab8b-79d3-4cae-b336-9a151db78b42,dairy.so,available,74,76,5,,,
9e4515bd-9e29-41c2-962f-40999eed3382,dairy.space,premium,74,76,5,,,
5aedcca0-3f6f-4aa2-8073-bd9629b8b7fa,dairy.store,premium,74,76,5,,,
ed613f57-0141-4872-b6fe-8486a031a2cc,dairy.tech,premium,74,76,5,,,
2fcd002f-46c3-4eef-8b07-665a31bc52e1,dairy.us,resell,74,76,5,"eNom, LLC",24/04/2002 14:02,23/04/2026 23:59
2aef4980-94a6-4fed-80d8-d3b179dfbda0,dairy.xyz,resell,74,76,5,Dynadot LLC,21/01/2019 06:40,21/01/2029 23:59
d9c12a5e-9e31-4788-99f5-22dd14012cb5,bread.accountant,premium,102,31,5,,,
236c70d7-dce8-43a0-b40b-65c05128de84,bread.accountants,available,102,31,5,,,
e4784907-73f9-487e-98d5-66d6c765e214,bread.actor,available,102,31,5,,,
331c8454-8f06-4e5e-9475-63cad1900c0f,bread.adult,available,102,31,5,,,
3eb53b58-0d19-4764-be9d-2802dcb3888b,bread.ag,available,102,31,5,,,
a413c2fe-72f1-4d5a-967f-5c06401869b4,bread.airforce,available,102,31,5,,,
3b552c48-8d63-4d28-b10c-6a63c317b837,bread.apartments,available,102,31,5,,,
694695e2-421f-4882-a86f-56c1d3e910ec,bread.archi,available,102,31,5,,,
3f33eb21-804a-43ee-aeeb-c9c65c7d0ca4,bread.art,premium,102,31,5,,,
001509f1-e256-4d69-bc16-04a66d894f2e,bread.associates,available,102,31,5,,,
fcb972cd-360f-45bd-8c46-7fcb9f9ef05e,bread.attorney,available,102,31,5,,,
457862d4-0bd9-4b30-94da-382fcfa60859,bread.auction,available,102,31,5,,,
c8a616df-f4db-4a03-b7f7-270ad33033c3,bread.audio,available,102,31,5,,,
6eca34da-2e40-4d80-af4b-c1acd23ae637,bread.auto,available,102,31,5,,,
e832f1f4-f3e3-4668-a41f-af3fc974c699,bread.autos,available,102,31,5,,,
bf07f033-e858-4481-9d93-851879f14e67,bread.bar,premium,102,31,5,,,
bcc80cea-2fd5-415e-a950-9f24871d99b5,bread.bargains,available,102,31,5,,,
31d822fa-ba94-48fb-ac7a-2e7d67dd0daa,bread.bayern,available,102,31,5,,,
5ceed88f-4d49-44a8-a14a-10cd61bb5cff,bread.bid,premium,102,31,5,,,
15705fd0-5ff8-4876-a00e-194e306e5598,bread.bingo,available,102,31,5,,,
3b8bc6ad-6fa6-4320-9969-0cdc311ffa71,bread.bio,available,102,31,5,,,
f7c053e7-d562-4d00-9c04-bdb668a85b36,bread.biz,resell,102,31,5,"Moniker Online Services, LLC",04/06/2006 17:01,03/06/2026 23:59
83b645ea-c024-42cb-addb-57da37ba0cea,bread.black,available,102,31,5,,,
8c18f86a-b8fe-40a2-9937-48391f756213,bread.blackfriday,available,102,31,5,,,
ea3975ab-4b01-4ea3-bd2c-2eae2c4100fd,bread.blue,available,102,31,5,,,
c2a3251f-6318-4108-9f75-c78df98a1e22,bread.boats,available,102,31,5,,,
aa45e3c8-2726-4b8d-80e1-3426a07cc0af,bread.bond,available,102,31,5,,,
80df0a6f-994c-4d6e-956b-02826ab5ef56,bread.boo,premium,102,31,5,,,
abe20863-ee5d-4c85-abb9-7f7585fd484a,bread.boston,premium,102,31,5,,,
a0605327-3f26-44d3-8d7e-53ce4fb8563f,bread.boutique,resell,102,31,5,"Sav.com, LLC",06/12/2025 17:00,06/12/2026 17:00
df9e1976-b9ca-4d01-91ba-6213768f8374,bread.build,available,102,31,5,,,
93078648-9468-41ec-b50c-ea77ffa5a112,bread.builders,available,102,31,5,,,
c4b6b6d1-4df4-400f-8d0a-cdf1a0d4f546,bread.buzz,premium,102,31,5,,,
5d1e3693-8aec-43ea-b908-45440251737a,bread.cab,available,102,31,5,,,
d10e041c-be84-46ce-bd67-0303a18ccd61,bread.cafe,resell,102,31,5,"DNSPod, Inc.",25/03/2022 13:15,25/03/2026 13:15
d7c0b421-65cd-4565-8ef9-22324427be8b,bread.camera,available,102,31,5,,,
bb8475a6-9395-4e6e-90b8-b8fdcfded404,bread.camp,available,102,31,5,,,
0e10f699-5118-4411-8ade-7caf55a8c7f2,bread.car,available,102,31,5,,,
db68fd2f-7f83-4816-8808-3e4457c3fe73,bread.cards,available,102,31,5,,,
a4f805c5-a062-479b-a357-b796dc03ec84,bread.care,available,102,31,5,,,
b649a0c9-93f4-4e5f-b3c3-94ae6650f517,bread.careers,available,102,31,5,,,
1a7fc8f6-91d6-4d03-b0b2-24b613035f71,bread.cars,available,102,31,5,,,
8b8177a4-ceba-4030-aba1-8d7bc2e602a3,bread.ceo,available,102,31,5,,,
c23a3e10-be63-4b0d-8c30-ce03edf644ad,bread.cfd,premium,102,31,5,,,
11acf8bf-9cc5-4430-8b34-2436b9447d72,bread.cheap,available,102,31,5,,,
38d7f3e7-aa38-4512-a7f5-a3ba286c3457,bread.christmas,available,102,31,5,,,
728242f7-d574-4e77-b5c0-3a7664c55b4e,bread.city,resell,102,31,5,"DNSPod, Inc.",23/02/2018 02:13,23/02/2026 02:13
6fde2f31-6778-4662-8690-9378f9b5e3ae,bread.claims,available,102,31,5,,,
494fe3db-84f4-413f-9209-2046ada2e859,bread.cleaning,available,102,31,5,,,
cc4eb193-3d89-43ba-b036-a0667ee2a342,bread.click,premium,102,31,5,,,
3c335685-503e-4deb-a1d4-ff1157c7fea8,bread.clinic,available,102,31,5,,,
c41715d8-7485-45a9-a9f8-ba3919aa9e02,bread.clothing,available,102,31,5,,,
0086916a-48a8-478c-9e91-6a7742a80897,bread.cloud,resell,102,31,5,Porkbun LLC,05/05/2018 01:06,05/05/2026 01:06
0c86173b-c551-4a0b-a9e0-4c22942c5eda,bread.club,resell,102,31,5,"NameCheap, Inc.",18/06/2020 06:17,18/06/2026 06:17
9fe83247-a2cf-4fdf-93c5-fddb97bc7da2,bread.coach,available,102,31,5,,,
010e7370-afec-448b-8f0d-d305ccdca466,bread.coffee,resell,102,31,5,"Sav.com, LLC - 25",11/07/2025 15:15,11/07/2026 15:15
5be0690d-3d67-466c-b007-c793c8af73b5,bread.college,available,102,31,5,,,
21d3f2a5-91ee-4199-b78f-f44bbc161be9,bread.company,resell,102,31,5,"Spaceship, Inc.",30/06/2015 22:14,30/06/2026 22:14
61a87fbc-c3dc-4ab1-99ec-dc3707a8ee67,bread.condos,available,102,31,5,,,
ea1824ca-8811-492c-8d0f-2726ec9c2c49,bread.construction,available,102,31,5,,,
78d4c57f-da8c-4541-af73-d9e2a5079d2c,bread.consulting,available,102,31,5,,,
eb5b74a5-1d9e-4815-a386-42a37f2639dd,bread.contractors,available,102,31,5,,,
9c8640db-7f64-44f7-9b5a-3e368c4ceb7d,bread.cooking,premium,102,31,5,,,
712ba7e3-97f4-4410-b1e1-119c509b056f,bread.country,available,102,31,5,,,
58d2196d-7e7a-48e0-b80e-e521e9a50053,bread.coupons,available,102,31,5,,,
3066bc0b-a948-4ae3-887a-ffa022f4a17d,bread.courses,available,102,31,5,,,
82339855-c802-4247-a3f3-95136f071c22,bread.credit,available,102,31,5,,,
7b10a164-c8a2-4fa7-84b8-cf025ffd187a,bread.creditcard,available,102,31,5,,,
6fe0cfe6-087a-44dd-b2c7-5962556f98e0,bread.cricket,premium,102,31,5,,,
22944ee7-36e7-4d87-b3e4-4b74e2ce15e6,bread.cruises,available,102,31,5,,,
6e35b983-ce75-4544-86d8-4acb5573d84c,bread.cv,premium,102,31,5,,,
e3d505ac-4aab-47c1-93fa-dfa42f1905da,bread.cyou,premium,102,31,5,,,
e25e7046-c4d5-4b20-9d76-c64b8677bf22,bread.date,premium,102,31,5,,,
ca3e2a82-9c6b-40ba-a43d-7dc6faaa5fff,bread.dating,available,102,31,5,,,
38d8d215-7922-4ec0-9b20-3385db8050ef,bread.day,premium,102,31,5,,,
0b467e2b-9cb8-4b2a-8950-f4c4c445ca28,bread.deal,available,102,31,5,,,
9abb0078-204b-42cc-85ef-7418c936072b,bread.dealer,premium,102,31,5,,,
baf7c1c4-8722-4d06-80c4-126122263395,bread.degree,available,102,31,5,,,
f1a594ae-f727-4e0a-bb3b-0e72ba031897,bread.delivery,expiring,102,31,5,"NameCheap, Inc.",01/01/2019 07:58,01/01/2026 07:58
92cd5fe2-5137-4914-aa1e-fafb98ead508,bread.democrat,available,102,31,5,,,
a170ebd7-74dc-4eaa-b12f-eb3d31e9aa54,bread.dental,available,102,31,5,,,
0b58d530-b864-4a56-a7b0-3bff8757d1f5,bread.dentist,available,102,31,5,,,
d01c7a87-81ab-43de-8882-d09f0be347e6,bread.design,premium,102,31,5,,,
b7bc0720-da0c-45c8-ae84-9334551e1cd4,bread.dev,sold,102,31,5,Squarespace Domains II LLC.,26/07/2020 20:02,26/07/2026 20:02
aada0275-b655-46a6-bc67-e1cd04f6341f,bread.diamonds,available,102,31,5,,,
45642223-cd80-4067-99f0-cc959fa5eaed,bread.diet,available,102,31,5,,,
fa3b28b6-aedf-46a8-b6b9-539311ed20c4,bread.digital,resell,102,31,5,Netregistry Wholesale Pty Ltd,27/01/2025 15:15,27/01/2027 15:15
9d0b3d06-99a9-4cde-b533-d235511f7a8f,bread.direct,available,102,31,5,,,
4bc4c21f-11d8-4879-9751-145980a71cc8,bread.directory,available,102,31,5,,,
f02db9eb-b356-4c55-a8c8-285783bcdb9c,bread.discount,available,102,31,5,,,
61e1f36d-25d2-4d9e-8172-5d7cf9a500fa,bread.diy,premium,102,31,5,,,
51165e9a-6294-45a1-9178-b3b6ec5d19dc,bread.doctor,available,102,31,5,,,
5b7e01e2-1496-4a44-8bb5-553d9098aa2c,bread.domains,available,102,31,5,,,